image_id,healthy,multiple_diseases,rust,scab
Test_0,0.0024099313,0,0.9004276991,0.0007174403
Test_1,5.09007295477204E-05,0,0.9656389356,0.0002812516
Test_2,0.0001627353,0,0.0001024808,0.9985486865
Test_3,0.9994314313,0,0.0004715051,8.6961874330882E-05
Test_4,0.0006979307,0,0.9989539385,4.6898094296921E-05
Test_5,0.9993562102,0,0.0001805377,0.0004106087
Test_6,0.9991317391,0,0.0006416892,0.0002001043
Test_7,0.0001197906,0,4.94346750201657E-05,0.9991471767
Test_8,0.033951249,0,0.0001621673,0.9637858272
Test_9,0.0008118436,0,0.9986157417,1.36506996568642E-05
Test_10,0.0002996883,0,0.999592483,8.72063264978351E-06
Test_11,0.9993670583,0,0.0005570634,5.86393107369076E-05
Test_12,0.088451907,0,0.0123683866,0.2578524351
Test_13,0.9928635955,0,0.0060583842,0.0004783403
Test_14,0.002286416,0,0.9558923244,0.0003146661
Test_15,0.0143298684,0,0.9109187722,0.0021360726
Test_16,0.999085784,0,0.0002089977,0.0006043363
Test_17,0.0001688777,0,2.45797000388848E-05,0.9996077418
Test_18,0.9168606997,0,0.0159173328,0.0455918573
Test_19,0.000005332,0,0.9999742508,3.83637552658911E-06
Test_20,0.0018318964,0,0.0005520896,0.9561326504
Test_21,0.9959962368,0,0.0014085778,0.0021159661
Test_22,2.47937691710831E-06,0,0.9999769926,1.2727313958294E-07
Test_23,6.08762238698546E-05,0,4.72357260150602E-06,0.9998198152
Test_24,0.8609167933,0,0.0278587304,0.0385381654
Test_25,0.0003526917,0,3.6608525988413E-05,0.9981045723
Test_26,0.0911191925,0,0.00165546,0.8870928288
Test_27,0.0016835803,0,0.9722184539,0.000342146
Test_28,0.9989951253,0,0.0008017239,0.0001525754
Test_29,0.0297521669,0,0.0541572422,0.0852664113
Test_30,0.9937973022,0,0.0019015527,0.0034469962
Test_31,0.0005339939,0,0.7404581904,0.0003905732
Test_32,0.0649640858,0,0.0126527902,0.7521063685
Test_33,0.0006245716,0,4.12494337069802E-05,0.998521626
Test_34,0.0096310554,0,0.0005129364,0.9855107069
Test_35,0.0015520799,0,0.0001794346,0.9967820644
Test_36,0.0007947925,0,0.9983503819,5.49934011360165E-05
Test_37,0.0966976434,0,0.0023794582,0.8294091821
Test_38,0.0005343053,0,0.000134978,0.9621978998
Test_39,0.0001703109,0,0.9995701909,0.0001072485
Test_40,0.000060855,0,0.9998181462,4.24911058871658E-06
Test_41,0.0008195062,0,0.9988501072,3.07070922644925E-06
Test_42,0.0014456232,0,0.0004656449,0.9437149763
Test_43,0.6127377152,0,0.3859843612,0.000160232
Test_44,0.7396140695,0,0.039855022,0.0766537189
Test_45,0.0317492299,0,0.0178307835,0.2953263521
Test_46,0.5537429452,0,0.0245109499,0.2437633872
Test_47,0.000041551,0,0.999807775,1.56239257194102E-05
Test_48,9.89108448266052E-05,0,0.9998406172,4.16049897467019E-06
Test_49,3.53719333361369E-05,0,0.9999130964,1.0994243893947E-05
Test_50,0.0001470375,0,0.991555512,0.0001498175
Test_51,0.0001352333,0,0.9880744815,0.0001090322
Test_52,0.0001958037,0,0.998311162,1.81320610863622E-05
Test_53,3.12051961373072E-05,0,0.9998766184,6.40346706859418E-06
Test_54,0.7030139565,0,0.1841616035,0.010298945
Test_55,0.0012172677,0,0.0001415854,0.9955214262
Test_56,0.0036208706,0,0.002698319,0.8329166174
Test_57,0.9556851983,0,0.0200059656,0.0157829486
Test_58,0.0035002066,0,0.0008170531,0.9789423347
Test_59,0.0135530559,0,0.3533068597,0.5101572871
Test_60,0.0007159324,0,0.0003843108,0.983859539
Test_61,0.9998323917,0,7.91964193922467E-05,7.71365521359257E-05
Test_62,0.1656396538,0,0.0375125669,0.577622056
Test_63,0.0305968095,0,0.0173678175,0.1271128803
Test_64,0.0509442985,0,0.000721222,0.9434858561
Test_65,0.0008693635,0,0.9547312856,0.0006751453
Test_66,0.9994012117,0,0.0002967516,0.0002831111
Test_67,0.0006657917,0,0.9852103591,0.0006557062
Test_68,0.0012472442,0,0.0004506894,0.9650336504
Test_69,5.06077667523641E-05,0,0.9950879216,0.0001982784
Test_70,0.1632227302,0,0.0025234814,0.7772084475
Test_71,0.0015791079,0,0.9968079925,5.75361991650425E-05
Test_72,0.004590434,0,0.0008927196,0.9900730848
Test_73,0.9998149276,0,0.0001469837,3.35891090799123E-05
Test_74,0.984844625,0,0.0039052714,0.0078054201
Test_75,0.164765358,0,0.0101065869,0.7703552842
Test_76,0.9945973158,0,0.0027984297,0.0019258176
Test_77,0.000016751,0,0.9998699427,1.9132286979584E-05
Test_78,0.0001729608,0,7.98580731498077E-05,0.9951501489
Test_79,0.8504939675,0,0.0001336451,0.148867324
Test_80,0.0057969196,0,0.4053449333,0.0189958699
Test_81,0.000400288,0,0.6737439036,0.0012590511
Test_82,0.0039819996,0,0.0698508024,0.9052446485
Test_83,0.0004958682,0,0.572361052,0.0016723904
Test_84,0.0174172986,0,0.0006573991,0.9637956023
Test_85,0.0504160374,0,0.0077292416,0.3488498926
Test_86,2.3275473722606E-05,0,0.9997000694,8.86240650288528E-06
Test_87,0.8961670995,0,0.0244610496,0.027376676
Test_88,0.1154919043,0,0.0986967832,0.2969374359
Test_89,0.9886566997,0,0.0014381508,0.0086961584
Test_90,4.87264369439799E-05,0,0.9994718432,2.0472312826314E-05
Test_91,0.9988812804,0,0.0003454284,0.000687529
Test_92,0.9968708158,0,0.0015003006,0.0012988403
Test_93,1.94770836969838E-06,0,0.9996863604,4.14278974858462E-06
Test_94,0.0001927305,0,8.59631691128016E-05,0.9977524877
Test_95,0.9998213649,0,8.2033198850695E-05,8.8409949967172E-05
Test_96,0.0003388631,0,0.0001196244,0.9937636256
Test_97,0.9993805885,0,0.0003723841,0.0001876022
Test_98,0.0054624672,0,0.0004560864,0.9420339465
Test_99,0.4389175475,0,0.0239017289,0.3773495257
Test_100,0.0007867389,0,2.68168078036979E-05,0.9983381033
Test_101,0.7580981255,0,0.0005334428,0.2410240173
Test_102,0.0024395415,0,0.0001649763,0.9872933626
Test_103,0.1319353282,0,0.0162020642,0.6853359342
Test_104,0.0003804873,0,0.0007959927,0.9104859829
Test_105,0.0084435856,0,0.0010104439,0.9598855972
Test_106,0.9993989468,0,0.0001442997,0.0003949675
Test_107,0.0034107175,0,0.8616575003,0.1019854695
Test_108,0.0028699655,0,0.0005937673,0.9673298597
Test_109,0.9233666658,0,0.0086196773,0.0527229346
Test_110,0.9997410178,0,0.0001055723,0.0001430429
Test_111,0.9982860684,0,3.22319028782658E-05,0.0016455798
Test_112,0.0003177017,0,0.9853258133,0.0001404081
Test_113,0.0095503256,0,0.0269975699,0.0893546343
Test_114,0.0740914568,0,0.1229763553,0.1155289784
Test_115,3.14347671519499E-05,0,0.9997631907,2.59090993495192E-05
Test_116,5.32635422132444E-05,0,0.9987992048,8.11061254353263E-05
Test_117,0.0001821824,0,0.9856087565,0.0001841141
Test_118,0.0001385752,0,0.9980130196,0.000011468
Test_119,0.998494029,0,0.0003935363,0.0010014465
Test_120,7.56428835302359E-06,0,0.9999246597,1.7510919860797E-06
Test_121,0.0006777805,0,0.9917989969,0.000486738
Test_122,0.0011777498,0,0.9649543762,0.0001689885
Test_123,0.000010867,0,0.998500824,3.73710718122311E-05
Test_124,0.0141878668,0,0.0005083228,0.9374339581
Test_125,0.1990992576,0,0.0159606636,0.5489736795
Test_126,0.9992157221,0,0.0004675902,0.0002484964
Test_127,0.0595786124,0,0.0008379361,0.923301518
Test_128,0.0091883456,0,0.724732995,0.1143520027
Test_129,1.91188846656587E-05,0,0.992923975,0.0002185646
Test_130,1.15143702714704E-05,0,0.000025829,0.9994710088
Test_131,0.0037903641,0,0.0010975143,0.9733862877
Test_132,0.9992951155,0,0.0005586229,0.0001239134
Test_133,0.0009779308,0,0.0033485065,0.9027135968
Test_134,0.9768545032,0,0.000075696,0.0230040755
Test_135,0.0003349469,0,0.823058486,0.0032566255
Test_136,1.87075056601316E-05,0,2.93137941298482E-06,0.9996609688
Test_137,6.28350680926815E-05,0,0.9992222786,3.18455131491646E-05
Test_138,0.0002315613,0,0.9985994697,4.78834444948006E-05
Test_139,0.9996386766,0,0.0001028113,0.0002423445
Test_140,0.7556661367,0,0.1180350631,0.1161987782
Test_141,0.0003055889,0,0.0001059321,0.9940834641
Test_142,0.0064858939,0,0.0001457858,0.9908112288
Test_143,0.4162023365,0,0.02559934,0.1860122532
Test_144,0.9978979826,0,0.0015604123,0.0003679198
Test_145,0.0514626279,0,0.0065058875,0.8052061796
Test_146,5.1873143092962E-05,0,0.9999297857,4.88776413476444E-06
Test_147,0.0012951978,0,0.512360096,0.003162276
Test_148,0.9991677999,0,0.0001593269,0.0006210284
Test_149,0.0015243739,0,0.9840493202,0.0037079186
Test_150,0.0013386336,0,9.06944260350429E-05,0.9968466163
Test_151,2.68998664978426E-05,0,0.9999634027,1.43876241054386E-06
Test_152,0.0006999987,0,0.923674643,0.0006404239
Test_153,0.0001562986,0,0.00014227,0.9977076054
Test_154,0.0004899239,0,0.9919344187,5.26685762451962E-05
Test_155,0.0001880822,0,0.9687685966,0.0005586682
Test_156,0.0258241948,0,0.0037256114,0.9564977884
Test_157,0.996078074,0,6.44301107968204E-05,0.0037509047
Test_158,0.0069957348,0,0.0012597037,0.9818524718
Test_159,0.0005540192,0,0.9936409593,0.0002475046
Test_160,0.9991895556,0,0.0003927195,0.000352564
Test_161,0.0374259762,0,0.000685495,0.956799686
Test_162,0.0001049726,0,0.9993309975,8.95579141797498E-05
Test_163,0.0004436168,0,0.8975957632,0.0005452546
Test_164,0.1467214078,0,0.0138143292,0.3333172202
Test_165,1.4696859579999E-05,0,3.9149094845925E-06,0.9996143579
Test_166,2.78541097031848E-06,0,0.9999691248,1.63558570420719E-06
Test_167,0.0005155283,0,0.9963649511,0.000050971
Test_168,0.0002859251,0,0.0040182224,0.002643381
Test_169,0.0050981767,0,0.9829416871,0.0006630027
Test_170,0.3863689601,0,0.0398338214,0.2520178258
Test_171,0.0001480548,0,0.9970635772,9.73771457211114E-05
Test_172,0.0029043444,0,0.9297066331,0.0026162751
Test_173,0.0004752624,0,0.9993891716,1.0321760782972E-05
Test_174,0.2338787466,0,0.00357206,0.5941732526
Test_175,0.9984894991,0,0.0009981124,0.0003172439
Test_176,5.0900398491649E-05,0,0.9997734427,4.76903514936566E-05
Test_177,0.000022717,0,0.000117287,0.9997240901
Test_178,6.04662000114331E-06,0,7.46751220503938E-06,0.9998399019
Test_179,0.0015662507,0,0.9897301197,0.0003538911
Test_180,0.0007870534,0,0.2816555798,0.00368248
Test_181,0.0040389029,0,0.0002429125,0.9829699993
Test_182,0.0074968426,0,0.7657627463,0.0064179874
Test_183,0.9947618842,0,0.0041801431,0.000772154
Test_184,0.7525734305,0,0.0002637276,0.246915862
Test_185,0.0138554331,0,0.003161395,0.7519749999
Test_186,0.0524026193,0,0.0074318713,0.5587246418
Test_187,0.0002555499,0,0.9942875504,5.69123403693084E-05
Test_188,0.0004543113,0,0.90066576,0.0007755687
Test_189,0.8082308173,0,0.0197679754,0.0862118974
Test_190,0.003487173,0,0.3382314146,0.0083121629
Test_191,0.0138787329,0,0.6497537494,0.0077055967
Test_192,0.8684224486,0,0.0576867759,0.0339656435
Test_193,3.52477218257263E-05,0,0.9902462959,9.41102553042583E-05
Test_194,0.0004367422,0,0.8086033463,0.0003385609
Test_195,0.3711043596,0,0.0801905394,0.0606665015
Test_196,0.0175862107,0,0.0011723056,0.745998621
Test_197,0.000137739,0,0.996208787,0.0023673815
Test_198,0.0077154357,0,0.0026434415,0.9800478816
Test_199,0.0129318479,0,0.138798669,0.0305682905
Test_200,0.0001083727,0,0.9844710827,0.0001256666
Test_201,0.0012939936,0,8.73507669894025E-05,0.988697052
Test_202,0.0006082109,0,0.9828832746,0.0038390986
Test_203,0.0026137391,0,0.3903818727,0.0049373005
Test_204,0.0038389803,0,0.0009656742,0.8868454099
Test_205,0.0093036098,0,0.0004230553,0.9895451665
Test_206,0.0008853865,0,0.001353241,0.9954403639
Test_207,0.0011092682,0,0.9927304387,0.0034610492
Test_208,0.001012494,0,3.57290673491661E-06,0.9986374974
Test_209,0.002171203,0,0.8756017685,0.0014496997
Test_210,0.0002300121,0,7.07017388776876E-05,0.9984513521
Test_211,0.0095626228,0,0.0105232894,0.1763390303
Test_212,1.86332749763096E-06,0,0.9999856949,4.43386824144909E-07
Test_213,0.0043336446,0,0.0772380531,0.0142245973
Test_214,0.0011610461,0,0.9909294248,0.0003205373
Test_215,0.3609169424,0,0.0349408053,0.2120584995
Test_216,0.999622345,0,0.0002768492,6.97765572112985E-05
Test_217,0.005028442,0,0.001407085,0.9358054996
Test_218,0.9994410872,0,0.0002778566,0.0002486236
Test_219,0.0001102045,0,0.9998468161,1.51409369664179E-06
Test_220,1.9133116438752E-05,0,5.0179132813355E-06,0.9998522997
Test_221,0.6090039015,0,0.0976343453,0.1121217608
Test_222,0.0003028226,0,0.9947260022,0.001250799
Test_223,0.0001309434,0,0.9950864911,0.0001241866
Test_224,0.9835964441,0,0.0026895413,0.0115952473
Test_225,0.9995791316,0,0.0001793594,0.000215956
Test_226,0.0003729452,0,0.9950256944,9.76853552856483E-05
Test_227,9.08072688616812E-05,0,2.63446163444314E-05,0.996299088
Test_228,0.0009233083,0,0.9986723661,5.47771815035958E-05
Test_229,7.14031466486631E-06,0,0.9996249676,4.76045079267351E-06
Test_230,0.0005218677,0,0.000236889,0.9893553853
Test_231,0.0003669834,0,0.0004220635,0.9693270922
Test_232,0.9978137016,0,0.0010961447,0.0010262106
Test_233,0.9899214506,0,0.0085299332,0.0008559677
Test_234,0.0013354339,0,0.000135549,0.9970986843
Test_235,0.000015401,0,2.54766064244905E-06,0.9997623563
Test_236,0.0225303583,0,0.3905414939,0.0211953651
Test_237,0.0007940196,0,0.0007052082,0.9873435497
Test_238,9.21590835787356E-05,0,0.9908428192,1.23247873489163E-05
Test_239,0.000120595,0,0.9684974551,9.96899179881439E-05
Test_240,0.0002934219,0,0.9663063884,0.0001457081
Test_241,0.0109680444,0,0.5212417841,0.0484267063
Test_242,0.0157998893,0,0.0004758285,0.9815250635
Test_243,0.9997099042,0,0.0001479377,0.0001292294
Test_244,0.0042520035,0,0.0009312843,0.875482142
Test_245,0.0056503369,0,0.0850164592,0.0087708216
Test_246,0.0201566927,0,0.0024178494,0.8759380579
Test_247,4.70247396151535E-05,0,1.50118312376435E-05,0.9995398521
Test_248,0.2660746574,0,0.0161650255,0.1838474274
Test_249,9.20214006328024E-05,0,0.9856247902,0.0006887062
Test_250,0.9977574944,0,0.0012600842,0.0007342237
Test_251,0.9984092116,0,0.0003315903,0.0008632056
Test_252,0.0003511378,0,0.9932855368,0.0003002029
Test_253,0.0043117129,0,0.0019615656,0.8595944643
Test_254,0.000448702,0,0.000079519,0.9923709631
Test_255,0.3565695286,0,0.0065885028,0.5853255987
Test_256,0.0057687084,0,0.0001212306,0.9670411348
Test_257,0.0055013485,0,0.99430722,0.00001676
Test_258,0.0050094081,0,0.0293048564,0.0075285845
Test_259,0.6806756854,0,0.0007266594,0.3144617677
Test_260,0.0006205352,0,0.000343583,0.9950034022
Test_261,1.44241757880081E-05,0,0.9991131425,2.77979179372778E-05
Test_262,0.2549679875,0,0.0008531873,0.7344995737
Test_263,0.552454412,0,0.0224903971,0.3538714051
Test_264,0.9982442856,0,0.0014017269,0.00029821
Test_265,4.17520604969468E-05,0,0.9896072745,7.23995472071692E-05
Test_266,0.0002421222,0,0.0009176891,0.9964842796
Test_267,0.9997079968,0,0.0002610827,2.43945869442541E-05
Test_268,0.0008726778,0,0.6303915977,0.0019957649
Test_269,0.9978519678,0,8.65717665874399E-05,0.0019535304
Test_270,0.0146814175,0,0.0038577029,0.8591883183
Test_271,0.9006797671,0,0.0004552424,0.0977991745
Test_272,0.0010870922,0,0.4497416914,0.0046175322
Test_273,0.9997883439,0,0.0001677199,3.72688627976458E-05
Test_274,8.63474269863218E-05,0,0.9998096824,3.76775278709829E-05
Test_275,0.1016983166,0,0.4791453183,0.0455227531
Test_276,0.0016475731,0,0.0005555839,0.5731285214
Test_277,0.0439255461,0,0.0131003484,0.7382811308
Test_278,0.0053348271,0,0.0022497911,0.9772825241
Test_279,0.0001163051,0,0.9998039603,0.000011691
Test_280,0.0003623263,0,1.52408292706241E-05,0.998667717
Test_281,0.0024382393,0,0.0008341204,0.9486468434
Test_282,0.0003023187,0,0.0012262653,0.003784349
Test_283,0.0011551565,0,0.0445685424,0.0062306006
Test_284,6.52964154141955E-05,0,0.9879071116,6.53927636449225E-05
Test_285,0.0011316364,0,6.56627598800696E-05,0.9894596338
Test_286,0.0005489822,0,7.69813486840576E-05,0.9957777262
Test_287,0.0134636117,0,0.0322774649,0.0703871623
Test_288,0.0005634305,0,0.0003274051,0.9918780327
Test_289,0.0001005312,0,9.08006550162099E-05,0.9993752837
Test_290,0.0036751269,0,0.5310317874,0.0024390784
Test_291,0.0014665049,0,0.9542806745,0.0012495378
Test_292,0.9988166094,0,0.0007880275,0.0003208726
Test_293,5.79253901378252E-06,0,0.999412775,2.56257180808461E-06
Test_294,6.8564506364055E-05,0,0.9997583032,3.60132326022722E-05
Test_295,0.0008027347,0,0.9949572682,0.0004956457
Test_296,0.0438913815,0,0.0016574897,0.9332245588
Test_297,2.6843537852983E-05,0,1.87970761089673E-06,0.9987843633
Test_298,0.0041269269,0,0.2440189272,0.0137020331
Test_299,0.0048990496,0,0.0954338014,0.5134943724
Test_300,0.9775726795,0,2.20523979805876E-05,0.0223676749
Test_301,0.9812295437,0,0.0091633461,0.0045660357
Test_302,0.0001977773,0,0.0002239742,0.9960641265
Test_303,0.9980376363,0,0.0001408479,0.0016679286
Test_304,0.9975512624,0,0.0004712505,0.0015979437
Test_305,0.9964033365,0,0.000535149,0.0026871553
Test_306,0.0016039133,0,0.0002621282,0.9823014736
Test_307,0.9994909763,0,0.0002054287,0.000278229
Test_308,0.0156972446,0,0.0031985263,0.8534261584
Test_309,0.0028876252,0,0.861574471,0.007794213
Test_310,0.0090320697,0,0.3081643283,0.0450899899
Test_311,0.0001316199,0,0.0971825272,0.0008557402
Test_312,0.0005278616,0,3.91631401726045E-05,0.9991926551
Test_313,0.0009504934,0,4.05982609663624E-05,0.9951553345
Test_314,0.0019500923,0,0.0001395349,0.9952013493
Test_315,0.0005017793,0,0.0001511278,0.9990652204
Test_316,0.0005413288,0,0.8036510944,0.0005265104
Test_317,0.0002451903,0,0.9990457892,0.000094734
Test_318,0.0064143213,0,0.0368777998,0.0242917109
Test_319,1.15983293653699E-05,0,0.9996150732,5.96971631239285E-06
Test_320,0.0001267321,0,0.9993236065,0.00005746
Test_321,0.441280961,0,0.1727797687,0.0979920104
Test_322,0.9993230104,0,0.0004780839,0.0001598175
Test_323,0.0104058301,0,0.914634347,0.0068096728
Test_324,2.42215310208849E-06,0,0.9999819994,3.57624827529435E-07
Test_325,0.0299491398,0,0.0007317027,0.9567428827
Test_326,4.07575753342826E-05,0,0.9997437596,7.67944766266737E-06
Test_327,0.0071085738,0,0.0005056635,0.9540914893
Test_328,0.0003755415,0,0.9975174665,9.31631948333234E-05
Test_329,8.70715393830324E-06,0,0.997038126,4.10206848755479E-05
Test_330,0.00002554,0,0.9991313815,0.000007328
Test_331,0.1078734845,0,0.1945565045,0.0656441897
Test_332,0.9996404648,0,0.000217854,0.0001174693
Test_333,0.002127242,0,0.9697606564,0.0003360879
Test_334,3.30519105773419E-05,0,0.9999374151,2.01734337679227E-06
Test_335,0.9997166991,0,0.0001625677,0.0001108497
Test_336,0.7139832973,0,0.2794706523,0.000819837
Test_337,0.9860710502,0,0.0043593445,0.0061907447
Test_338,0.998886168,0,0.0003845157,0.000644961
Test_339,0.0034026778,0,0.9812912941,0.0007361032
Test_340,0.7336723208,0,0.2220019847,0.0169832353
Test_341,0.9815014005,0,0.0086945379,0.0054349103
Test_342,0.9991476536,0,0.0007437936,8.23348091216758E-05
Test_343,0.9895785451,0,0.0009922003,0.0077428329
Test_344,0.000022322,0,0.9998381138,3.28389023707132E-06
Test_345,0.0212834608,0,0.4017540514,0.0572978705
Test_346,0.001843182,0,0.9951394796,8.61839216668159E-05
Test_347,0.0017347303,0,0.9976245761,5.81111708015669E-05
Test_348,0.0010199379,0,0.0001524925,0.9848719239
Test_349,0.0025770667,0,0.1864343286,0.1541786343
Test_350,0.0088334745,0,0.0007635034,0.9354313612
Test_351,1.35724540086812E-05,0,0.9999616146,3.30952457261446E-06
Test_352,0.0032054915,0,0.0023253046,0.9056386948
Test_353,0.177628845,0,0.0241931621,0.5524026752
Test_354,4.67627523903502E-06,0,0.9999654293,1.77101057374784E-07
Test_355,0.0480491854,0,0.0088068973,0.5719796419
Test_356,0.9992747903,0,0.0004548471,0.0002098695
Test_357,0.9998016953,0,0.0001582565,3.57865683326963E-05
Test_358,0.0904538408,0,0.1389935613,0.0662418455
Test_359,0.0039343541,0,0.0004725214,0.9852921367
Test_360,0.0007650661,0,3.6701461795019E-05,0.9943751097
Test_361,0.9983077049,0,0.0009990523,0.000525602
Test_362,0.9986561537,0,0.0001286452,0.0011469194
Test_363,0.0021803707,0,0.9442834258,0.0007860271
Test_364,1.18462385216844E-05,0,0.9997939467,5.13335362484213E-06
Test_365,3.81850213670987E-06,0,0.9999394417,1.04152002222691E-06
Test_366,0.0265260637,0,0.9656444192,0.0004895767
Test_367,3.9025329897413E-05,0,5.5824084483902E-06,0.9997032285
Test_368,0.999688983,0,0.0002313364,6.05183086008765E-05
Test_369,0.0002875233,0,0.0002368953,0.9390607476
Test_370,0.0003440935,0,0.9980704188,4.23962264903821E-05
Test_371,1.13822316052392E-05,0,0.9999600649,1.66572829130018E-06
Test_372,0.0061978376,0,0.00066521,0.9763143659
Test_373,0.0003427244,0,0.9823582768,0.0009493394
Test_374,3.64109610018204E-07,0,0.999985218,1.48112019360269E-06
Test_375,0.0140053853,0,0.0004851125,0.958376348
Test_376,0.9952415228,0,0.0036068519,0.0008454604
Test_377,0.9303412437,0,0.014975897,0.0252111834
Test_378,2.37250878853956E-06,0,0.9999870062,1.78874273615293E-07
Test_379,0.0012012305,0,0.8412289619,0.0231269151
Test_380,0.0001568092,0,5.79051884415094E-05,0.9982094765
Test_381,0.9235767126,0,0.00243506,0.0612241589
Test_382,0.0011266641,0,0.0001731745,0.9790621996
Test_383,0.9970515966,0,0.0010236745,0.001370453
Test_384,3.77754577129963E-06,0,0.9998673201,3.46024830832903E-06
Test_385,0.022132514,0,0.0095860707,0.5481238961
Test_386,0.0004058165,0,0.6993651986,0.0015965678
Test_387,0.0030186977,0,0.0014222168,0.9530490637
Test_388,0.6702951193,0,0.0425553508,0.1545121819
Test_389,0.999677062,0,0.000108614,0.0002009132
Test_390,0.2179072797,0,0.0027515651,0.7680428624
Test_391,0.0031872659,0,0.718900919,0.0022300286
Test_392,0.0010936717,0,0.9807513952,0.0021811293
Test_393,0.000349682,0,0.0001152921,0.9919512272
Test_394,0.0032300081,0,1.01733630799572E-05,0.9961397052
Test_395,0.0003938318,0,0.0736137554,0.0005691552
Test_396,0.0019007181,0,0.0002126,0.9676699638
Test_397,0.5614005327,0,0.0027536829,0.4235339165
Test_398,2.51543633567053E-06,0,0.9999849796,1.15964542146685E-06
Test_399,0.0426398106,0,0.0072059678,0.8121882081
Test_400,0.0001225856,0,0.9987201691,4.99793350172695E-05
Test_401,4.0264585550176E-05,0,0.9997776151,8.81380037753843E-06
Test_402,0.0001001019,0,1.27496332424926E-05,0.9986048341
Test_403,0.0011256419,0,0.0215723459,0.0032092787
Test_404,0.0027642343,0,0.0002494841,0.9941962957
Test_405,0.0014077954,0,0.0003628666,0.9975017905
Test_406,1.70173752849223E-05,0,4.27023724114406E-06,0.9997367263
Test_407,6.48158966214396E-05,0,0.0001384565,0.999027133
Test_408,7.44937497074716E-05,0,2.59582702710759E-05,0.999481976
Test_409,0.002387458,0,0.9958183169,0.0003892101
Test_410,0.000671548,0,0.0002303153,0.996573925
Test_411,0.9988338351,0,0.0010727313,6.18896592641249E-05
Test_412,0.0014319029,0,0.0416498482,0.0485273264
Test_413,0.9971912503,0,0.0013101881,0.00117292
Test_414,0.0002590607,0,0.9996820688,3.04775426229753E-06
Test_415,0.0001098384,0,0.9969516993,7.92468563304283E-05
Test_416,0.7084429264,0,0.0031949491,0.2690716088
Test_417,3.16822979584686E-06,0,0.9999778271,2.13753253319737E-07
Test_418,0.9896831512,0,0.0062359804,0.0024796054
Test_419,0.999285996,0,0.0005844265,0.0001025547
Test_420,0.0025819568,0,0.8970102072,0.0013213329
Test_421,0.0017203693,0,0.0001377202,0.9975729585
Test_422,0.1615700275,0,0.043426998,0.4641903639
Test_423,0.0018825287,0,0.9199240208,0.0017383468
Test_424,6.09987946518231E-05,0,0.9970699549,7.01504832250066E-05
Test_425,0.5804514289,0,0.0071372166,0.3053735793
Test_426,0.0005956551,0,0.9987812638,0.0002566777
Test_427,8.05448507890105E-05,0,2.67874256678624E-05,0.9987499714
Test_428,0.0001127737,0,3.63120807378436E-06,0.999817431
Test_429,4.10817301599309E-06,0,0.9999585152,9.37577681270341E-07
Test_430,0.0114183174,0,0.8777956963,0.0026959246
Test_431,0.9778889418,0,0.0042866454,0.0134915914
Test_432,0.0046635089,0,0.0011221425,0.8063616753
Test_433,0.0005545765,0,0.0003335464,0.9958876967
Test_434,0.0047595664,0,0.002491537,0.9671265483
Test_435,0.9972897768,0,0.0005679972,0.0018694688
Test_436,0.0057003568,0,0.0008668996,0.9763775468
Test_437,0.0269109346,0,0.8813983202,0.0464767776
Test_438,3.67884131264873E-05,0,0.9934729934,4.58017821074463E-05
Test_439,0.0006633851,0,0.9928582907,0.0003028989
Test_440,7.53427320887568E-06,0,0.9999656677,1.29866543829849E-06
Test_441,0.9978008866,0,0.0001737012,0.001833941
Test_442,2.54126098298002E-05,0,0.9999580383,1.34362710468849E-06
Test_443,0.001645084,0,0.0004796237,0.9877958298
Test_444,0.9997137189,0,0.0001518483,0.0001268278
Test_445,0.0008092299,0,0.9958953857,7.62900963309221E-05
Test_446,0.00290418,0,0.9786579609,0.0015926019
Test_447,5.53885147382971E-05,0,0.9998451471,1.07281466625864E-05
Test_448,0.0001426354,0,0.9996842146,1.32681689137826E-05
Test_449,0.002612835,0,0.0004604007,0.994337976
Test_450,0.0147540187,0,0.984921515,0.0001024539
Test_451,0.0002206533,0,0.8633279204,0.0012701394
Test_452,0.0085256305,0,0.3594878018,0.0093907639
Test_453,9.71693225437775E-05,0,0.0002878911,0.9955857992
Test_454,0.0019559681,0,0.8711125851,0.0214948375
Test_455,3.57038079528138E-05,0,6.08423079029308E-06,0.999587357
Test_456,0.000574514,0,0.587325871,0.0009106875
Test_457,2.8555370590766E-05,0,5.09291458001826E-05,0.9996590614
Test_458,0.6076951623,0,0.0020678525,0.3785231113
Test_459,0.0211335253,0,0.9529743195,0.0049608168
Test_460,0.664827466,0,0.0006896165,0.3327553868
Test_461,0.0739090517,0,0.000107235,0.9217374325
Test_462,0.0005805808,0,0.7308724523,0.0040861666
Test_463,0.001696545,0,0.0007788289,0.6892567873
Test_464,0.9806032777,0,0.0139024882,0.0032487954
Test_465,1.10615610537934E-05,0,0.9999586344,6.04024853601004E-06
Test_466,0.0010510433,0,0.684348464,0.0027596646
Test_467,0.0003959958,0,0.0001149441,0.9955884218
Test_468,0.9969428182,0,0.0020186638,0.0005255651
Test_469,0.0010400553,0,0.98231709,0.0017293826
Test_470,0.0076712836,0,0.0025496308,0.8187725544
Test_471,0.0019409147,0,0.8637512326,0.0027126621
Test_472,0.9981872439,0,0.0007772699,0.0008503327
Test_473,0.0325619504,0,0.0908773169,0.014798522
Test_474,0.0011221586,0,0.9986741543,3.86348001484293E-05
Test_475,0.0014176887,0,3.62306855095085E-05,0.9866393209
Test_476,0.0004370056,0,0.0021830786,0.9920558333
Test_477,0.0207937229,0,0.0005489112,0.9643855095
Test_478,0.00420989,0,0.0011940763,0.9807723761
Test_479,0.2589802444,0,0.0014322053,0.7347991467
Test_480,0.0011643202,0,0.3652535081,0.0017437459
Test_481,0.0052107112,0,0.0021583291,0.7972487211
Test_482,0.0679747537,0,0.0195213519,0.8274284005
Test_483,0.0014805977,0,0.7657926083,0.0029226087
Test_484,0.9905489087,0,0.0004686886,0.0069643054
Test_485,0.9907282591,0,0.0030633195,0.0053768004
Test_486,0.000057913,0,4.31417947766022E-06,0.9997195601
Test_487,0.9919090867,0,0.0048334273,0.0028108938
Test_488,4.58182003058028E-05,0,0.9739999771,0.0037479112
Test_489,0.0009668199,0,0.9988566637,1.1210194315936E-05
Test_490,0.005899346,0,0.2069838792,0.0087557351
Test_491,0.0006708563,0,0.9989803433,2.93015327770263E-05
Test_492,0.1452249289,0,0.0005327498,0.8275541663
Test_493,0.0127277561,0,0.015368212,0.4715667665
Test_494,0.0001840968,0,0.9991230369,0.000014591
Test_495,0.0003408875,0,0.0001857783,0.9944984317
Test_496,0.99978894,0,0.0001943238,1.49758152474533E-05
Test_497,0.0078559574,0,0.0002940651,0.9523490071
Test_498,0.9993120432,0,0.00044063,0.0002055406
Test_499,0.0065042526,0,0.8015351295,0.0022058785
Test_500,6.16723045823164E-05,0,0.9997143149,8.83264135609352E-07
Test_501,0.9989350438,0,0.0007018067,0.000285331
Test_502,0.9998025298,0,0.0001652942,2.64502195932437E-05
Test_503,0.001967978,0,0.9905231595,0.0006007594
Test_504,0.5421402454,0,0.0114927199,0.3873825371
Test_505,0.0019051767,0,0.000109253,0.9865775108
Test_506,0.0001513662,0,0.0132792033,0.001216307
Test_507,2.95592167276482E-06,0,0.9999064207,3.05130779452156E-05
Test_508,4.51702071586624E-05,0,0.9998919964,5.57439670956228E-06
Test_509,3.76906859855808E-06,0,0.9999476671,6.21731828687189E-07
Test_510,0.000598722,0,0.5862529278,0.0019496779
Test_511,2.75964921456762E-05,0,2.86700978904264E-05,0.9992668033
Test_512,0.9975854158,0,0.0014336098,0.0008138212
Test_513,0.0028517777,0,0.0005721953,0.9724552631
Test_514,0.9039837718,0,0.0117648309,0.0299477
Test_515,1.95020529645262E-05,0,0.9998568296,1.74035612872103E-05
Test_516,2.51033543463564E-06,0,0.9999701977,1.32028026200715E-06
Test_517,5.93795011809561E-05,0,2.50960511039011E-05,0.9800263643
Test_518,0.0025911343,0,0.1856619865,0.0062418887
Test_519,0.0049112178,0,0.0011975743,0.9509542584
Test_520,0.0037904265,0,0.1986649781,0.0062239897
Test_521,0.8558399081,0,0.01525677,0.0525122024
Test_522,6.65744446450844E-05,0,0.998939693,3.90761560993269E-05
Test_523,1.24988064271747E-05,0,0.9999756813,1.77521997102303E-06
Test_524,4.38030883742613E-06,0,0.9999521971,3.11370513372822E-06
Test_525,0.0490872338,0,0.0679736808,0.0304282773
Test_526,0.0002422164,0,0.8585166931,0.0004147912
Test_527,0.0094006341,0,0.6970206499,0.0060677924
Test_528,0.0001212045,0,0.9990002513,0.000059733
Test_529,0.6422786713,0,0.0003474139,0.3548165262
Test_530,0.9984968901,0,0.00010802,0.0013415008
Test_531,0.0014975474,0,0.7210077643,0.0098238625
Test_532,8.46516377350781E-06,0,0.999958992,4.50362085757661E-06
Test_533,0.1017422602,0,0.0162630379,0.716199398
Test_534,8.09548146207817E-05,0,4.4316071580397E-05,0.9975549579
Test_535,4.01834859076189E-06,0,0.9999905825,2.76116338682186E-07
Test_536,0.1672699153,0,0.2905046046,0.4268800914
Test_537,4.81645474792458E-05,0,0.999777019,1.9547089777916E-06
Test_538,7.6656606324832E-06,0,6.16763736616122E-06,0.99973315
Test_539,4.89283556817099E-05,0,0.9997676015,7.20280240784632E-06
Test_540,3.23425592796411E-05,0,0.9998531342,2.31305457418784E-05
Test_541,0.9893677831,0,0.0065485765,0.0028604013
Test_542,0.9998242259,0,6.92559260642156E-05,0.000096743
Test_543,0.0106580732,0,0.259974122,0.1003579944
Test_544,0.0009174831,0,0.6860918999,0.0015967052
Test_545,0.0062188851,0,0.8373031616,0.0366477296
Test_546,0.0475328937,0,0.0124548059,0.738132596
Test_547,0.000002231,0,0.9999711514,8.18165460714226E-07
Test_548,5.2354658691911E-05,0,0.9927611351,3.81474601454101E-05
Test_549,0.0316738412,0,0.0008853891,0.9363790751
Test_550,0.0005200036,0,0.000233691,0.9969334602
Test_551,0.9993361831,0,0.0004960799,0.0001468608
Test_552,0.0058565098,0,0.097459957,0.0131615931
Test_553,0.0002168955,0,0.0001958534,0.9989393353
Test_554,0.031986177,0,0.0219126213,0.6225531697
Test_555,0.0347853601,0,0.0051573366,0.812931776
Test_556,0.9996803999,0,2.08140645554522E-05,0.0002746911
Test_557,6.90661327098496E-05,0,0.0024903112,0.0006814039
Test_558,0.0012467991,0,0.0510276668,0.0039820899
Test_559,0.9970777035,0,0.00063968,0.0019436555
Test_560,0.000051776,0,0.9998776913,1.77390882072359E-06
Test_561,0.0006903576,0,0.1112204343,0.0014203095
Test_562,0.0021107409,0,0.1834437251,0.0031639442
Test_563,0.0029451193,0,0.0950980633,0.0041344962
Test_564,0.0008625407,0,0.0953642204,0.0025707595
Test_565,4.87877659907099E-05,0,0.9987381101,4.76713466923684E-06
Test_566,0.0002923041,0,0.9208675623,0.0001069726
Test_567,0.0022766485,0,0.0038572745,0.9615193009
Test_568,0.0168026481,0,0.9819226265,0.0002875352
Test_569,0.0669881105,0,0.0034181795,0.9204483032
Test_570,0.9184108973,0,0.0054173348,0.0618292876
Test_571,0.0001738087,0,0.9905703068,0.0001905872
Test_572,0.9900593162,0,0.0001941809,0.0087083103
Test_573,0.0517416708,0,0.0061654379,0.8521670699
Test_574,0.0834589899,0,0.0157932658,0.6552976966
Test_575,0.9829052687,0,0.0041431705,0.0055392468
Test_576,0.6839285493,0,0.0016590863,0.2818487883
Test_577,0.002701629,0,0.0024873661,0.914316833
Test_578,0.1253688335,0,0.0231067333,0.6353515983
Test_579,0.9698989987,0,0.0021870823,0.0227607172
Test_580,0.000009199,0,0.9999848604,1.66556390013284E-07
Test_581,0.9944031239,0,0.0007267611,0.0046326448
Test_582,0.0061523002,0,0.2696249783,0.0056818603
Test_583,0.9671205282,0,0.0067950455,0.0173515584
Test_584,0.0302233435,0,0.9657693505,0.0031625505
Test_585,0.0004740021,0,0.998511374,0.0001225824
Test_586,0.969732523,0,0.0015126371,0.0201710295
Test_587,3.26509484693815E-06,0,0.9997839332,7.59367230784847E-06
Test_588,0.0008234732,0,0.9748576283,0.000197201
Test_589,0.2465780377,0,0.6712478399,0.0707148686
Test_590,0.0003807292,0,0.9991348386,1.74742526724003E-05
Test_591,2.21848786168266E-05,0,0.9995490909,1.13670985228964E-05
Test_592,0.9247303605,0,0.0014967864,0.0661803707
Test_593,0.000011016,0,0.9999340773,1.992301804421E-06
Test_594,0.0002772402,0,0.8982021213,0.0003035611
Test_595,0.0089972131,0,0.000735711,0.6092994213
Test_596,0.9948579073,0,0.0015731947,0.0023125391
Test_597,0.0011605878,0,0.0003264335,0.9975039363
Test_598,0.0348751359,0,0.1610953212,0.0097790053
Test_599,0.0242197178,0,0.0192045961,0.3213305473
Test_600,0.000068493,0,0.9994675517,5.97035523242084E-06
Test_601,0.0001739503,0,8.78940045367926E-06,0.998867631
Test_602,1.02730837170384E-05,0,1.49053130371613E-05,0.9998164773
Test_603,0.0007055412,0,0.0008800622,0.939691484
Test_604,0.0101267388,0,0.9077871442,0.0117906258
Test_605,0.974780798,0,0.0156705603,0.0048901825
Test_606,0.3204477429,0,0.0059529305,0.5461767912
Test_607,0.8437844515,0,0.0464148857,0.0415117145
Test_608,0.0003725952,0,0.0001967589,0.990621686
Test_609,0.9890038371,0,0.0018746465,0.0057622045
Test_610,0.0001082295,0,2.96171128866263E-05,0.9930776358
Test_611,0.9994478822,0,0.0001414251,0.0003975851
Test_612,0.000000692,0,0.9999728203,1.00247518730612E-06
Test_613,0.9991643429,0,0.0005942512,0.0001777319
Test_614,0.0009049945,0,0.9834191799,0.0001048875
Test_615,3.69090821550344E-06,0,0.9988636971,1.91566450666869E-05
Test_616,0.00005218,0,0.0004365502,0.9990147352
Test_617,0.4003629684,0,0.0690761805,0.1974491775
Test_618,0.0012109223,0,7.1131406002678E-05,0.9925860763
Test_619,0.2385554761,0,0.6569765806,0.0124159893
Test_620,0.0019895579,0,0.1125672385,0.0032882823
Test_621,0.0113580041,0,0.0101524629,0.8894894719
Test_622,0.0002701416,0,0.9892755151,0.0001911517
Test_623,0.0008526939,0,0.0002347213,0.9925673008
Test_624,0.0015710618,0,0.1744635701,0.0034095962
Test_625,0.9441375136,0,0.0005978003,0.0485668927
Test_626,0.0001250796,0,0.9979435802,1.67558391694911E-05
Test_627,0.7622368336,0,0.014110988,0.1276234537
Test_628,0.175019145,0,0.0245454796,0.1539025456
Test_629,0.9995142221,0,0.0003646533,0.0001070101
Test_630,0.9982448816,0,0.0015373158,0.0001362106
Test_631,0.99858284,0,0.0001058343,0.0012343975
Test_632,0.9991439581,0,0.0001128538,0.0006776974
Test_633,8.27698459033854E-05,0,0.9984702468,0.0001713592
Test_634,0.000103536,0,4.10843204008415E-05,0.9987829328
Test_635,0.99603194,0,0.0011891765,0.0020164368
Test_636,0.0012357269,0,0.0043744505,0.3047996461
Test_637,0.0003541237,0,0.9838439822,0.0004107272
Test_638,0.3380587399,0,0.0001862097,0.6595927477
Test_639,0.0023353957,0,0.5468429327,0.0021548718
Test_640,0.0036401001,0,0.0013718094,0.961148262
Test_641,0.0002461465,0,0.9993516803,3.19774044328369E-05
Test_642,0.0002812725,0,0.0001898957,0.9969177246
Test_643,0.999345839,0,0.0003151815,0.0002537874
Test_644,0.0286688786,0,0.0044076471,0.8162423372
Test_645,0.9976709485,0,0.0014148135,0.0007385346
Test_646,0.0003907048,0,0.9949894547,0.0001323067
Test_647,0.0060348678,0,0.1901461631,0.1599523723
Test_648,0.9995194674,0,0.0004344305,4.07119150622748E-05
Test_649,0.0246320982,0,0.9734083414,0.0005789226
Test_650,0.0006103955,0,0.9857547283,0.00020063
Test_651,0.000102276,0,0.0001713313,0.9983426332
Test_652,0.0044567315,0,0.9904825687,0.0004603863
Test_653,0.9991897941,0,0.0004110041,0.0002811789
Test_654,0.1652337015,0,0.8328313231,6.22151710558683E-05
Test_655,0.0022365928,0,0.0003938134,0.9914883375
Test_656,5.98476290178951E-05,0,2.12684626603732E-05,0.9995655417
Test_657,8.86355701368302E-06,0,0.9998471737,0.000004224
Test_658,0.9997984767,0,0.0001732891,2.4694714738871E-05
Test_659,0.4500567019,0,0.021282481,0.2714486718
Test_660,0.0003840803,0,0.9981204867,0.000041643
Test_661,0.000276344,0,1.60976123879664E-05,0.9981029034
Test_662,0.0001536373,0,0.0001071057,0.9950724244
Test_663,0.0002873632,0,0.997200489,6.38963319943286E-05
Test_664,0.0008141598,0,0.9733308554,0.0007560291
Test_665,0.0010595158,0,0.0001240389,0.9961553216
Test_666,0.0002422914,0,0.9825017452,0.0004310262
Test_667,0.9991731048,0,0.0002075781,0.0005584958
Test_668,4.38880624642479E-06,0,0.9998790026,2.66293841377774E-06
Test_669,0.0001636106,0,0.9990289211,3.00397405226249E-05
Test_670,0.0037418839,0,0.1221683249,0.0119676348
Test_671,0.0004069913,0,0.7669468522,0.0007164048
Test_672,0.9987177849,0,0.0003197756,0.0008319386
Test_673,0.0194581077,0,0.8116961122,0.0202829316
Test_674,9.37588902161224E-06,0,0.9994465709,4.96675329486607E-06
Test_675,0.9991211295,0,0.0008173699,5.05265779793263E-05
Test_676,0.9672721624,0,0.0053706137,0.0095076235
Test_677,0.0021317732,0,0.0005206421,0.981074512
Test_678,0.2977617085,0,0.0107275015,0.625672698
Test_679,0.0092869932,0,0.9885524511,8.78442151588388E-05
Test_680,0.0066469302,0,0.0008105221,0.9730854034
Test_681,0.9426558614,0,0.0124499062,0.0218732152
Test_682,0.9979861975,0,0.0011972093,0.000611189
Test_683,0.0003745172,0,0.0001250153,0.9919413328
Test_684,0.0001024311,0,1.91491035366198E-05,0.9986094236
Test_685,0.9974662066,0,0.0006992953,0.0011469006
Test_686,3.19352366204839E-05,0,0.000029642,0.9989671707
Test_687,0.9987872243,0,0.0011254721,6.53055758448318E-05
Test_688,0.0023533956,0,0.0175771918,0.0449730791
Test_689,0.0036884071,0,2.4145947463694E-05,0.9959355593
Test_690,0.1078964919,0,0.0001751616,0.8892605305
Test_691,0.999360621,0,0.0005867085,4.43877361249179E-05
Test_692,0.001038119,0,0.9976274371,2.80878921330441E-05
Test_693,0.9988574982,0,0.0007057448,0.0003292988
Test_694,0.0005281449,0,1.22635146908578E-05,0.9989903569
Test_695,0.9986367822,0,0.0005439071,0.0006049129
Test_696,0.000034801,0,0.9999446869,1.60835031692841E-06
Test_697,0.0049380031,0,0.8578315973,0.0069166543
Test_698,0.9913035631,0,0.0032799938,0.0041629337
Test_699,0.000775822,0,0.0002715923,0.987927258
Test_700,0.0003635472,0,0.9985829592,4.29556785093155E-05
Test_701,0.2654409111,0,0.0608320385,0.2472822368
Test_702,0.2865692675,0,0.0383981206,0.1915321797
Test_703,0.0009464793,0,0.9978821874,2.44522852881346E-05
Test_704,0.0016044249,0,0.9002820253,0.0016227136
Test_705,0.0024266115,0,0.9523515701,0.0008996734
Test_706,0.9991790652,0,0.0006092497,0.0001658894
Test_707,0.0090401024,0,0.0013738956,0.5879997015
Test_708,0.8411521912,0,0.0001215123,0.1571199298
Test_709,0.0006566141,0,0.9992139339,1.96308719750959E-05
Test_710,0.0010367919,0,0.9892293811,0.0001049814
Test_711,0.9981939197,0,0.0007852938,0.0007964863
Test_712,0.003979709,0,0.0002844746,0.9825828075
Test_713,0.0004443562,0,0.0009966865,0.0565848127
Test_714,0.039622955,0,0.0114811864,0.0286759678
Test_715,0.0001039738,0,0.9993913174,0.0001055072
Test_716,4.86983117298223E-05,0,6.88543295837007E-05,0.9988635778
Test_717,0.0053253956,0,0.9532251358,0.002343629
Test_718,0.0013232108,0,0.998449564,4.79257760162E-05
Test_719,0.001519846,0,0.6656063795,0.0051516006
Test_720,0.9983477592,0,0.0006699934,0.0006449574
Test_721,1.32241020764923E-05,0,0.9998278618,1.47251712405705E-05
Test_722,2.34639833252004E-06,0,0.9998838902,1.48253025145095E-06
Test_723,0.9986190796,0,0.0012729126,8.7909480498638E-05
Test_724,0.0010443226,0,0.9869045615,0.0004784072
Test_725,0.1202233359,0,0.0298646018,0.3089018166
Test_726,0.0664355457,0,0.0123611176,0.6852362156
Test_727,0.0011200566,0,0.0126154516,0.0080287633
Test_728,5.56152881472372E-05,0,0.9984332919,3.77502328774426E-05
Test_729,0.0081726043,0,0.9908842444,0.0001678862
Test_730,0.0020243893,0,0.0193041954,0.0173156708
Test_731,6.25215543550439E-05,0,0.99816221,1.57173999468796E-05
Test_732,0.0020377645,0,0.0250557438,0.0050321077
Test_733,0.0007035569,0,0.0099030724,0.0033302268
Test_734,0.9978813529,0,0.0010139684,0.0007169506
Test_735,0.9678231478,0,0.0124577321,0.0103344545
Test_736,0.9666569233,0,0.0178750195,0.0080237202
Test_737,0.0020349519,0,0.000051259,0.9961618185
Test_738,0.9888302684,0,0.0072858906,0.0028442089
Test_739,0.0001093955,0,0.9986016154,0.0001184489
Test_740,8.43934976728633E-05,0,1.66755016834941E-05,0.9955921769
Test_741,0.0633530021,0,0.0039494066,0.9046858549
Test_742,0.0085037053,0,0.0005130629,0.9494579434
Test_743,0.0029966759,0,0.601062417,0.0020625216
Test_744,0.003909471,0,0.0052358727,0.9874064326
Test_745,0.993863821,0,0.0002345668,0.0056720669
Test_746,0.000040582,0,0.9997116923,6.50159699944197E-06
Test_747,0.9960305095,0,0.0009035004,0.0026630142
Test_748,0.0006403175,0,0.0001538995,0.9824163914
Test_749,9.54373263084563E-06,0,0.000007472,0.9999091625
Test_750,0.9924672246,0,0.000470686,0.0058257063
Test_751,0.0001580093,0,0.9643536806,0.00021655
Test_752,0.0057348795,0,6.04302258579992E-05,0.9934540987
Test_753,0.000023547,0,0.9974752069,0.0001676524
Test_754,0.1638859808,0,0.0373756588,0.6265802979
Test_755,0.7945966721,0,0.0017376146,0.1995516419
Test_756,0.999661088,0,0.0001335782,0.0001978285
Test_757,0.0236511752,0,0.0016346031,0.6655961275
Test_758,0.9959320426,0,0.0018058936,0.0020063159
Test_759,0.0034021465,0,0.9267470241,0.003783342
Test_760,0.9992979765,0,0.0005015045,0.0001578914
Test_761,0.012350399,0,0.0133503908,0.6721165776
Test_762,0.0115894321,0,0.985545218,0.000144434
Test_763,2.81437114608707E-05,0,0.9991734624,0.0005641242
Test_764,0.9996967316,0,0.0001557997,0.0001353447
Test_765,0.0648509786,0,0.0190684665,0.3950039744
Test_766,0.0026428704,0,0.000743769,0.9328820705
Test_767,0.9920136333,0,0.0004898683,0.0068340758
Test_768,0.6115348339,0,0.0334332138,0.3130204976
Test_769,0.000433864,0,0.9612442255,0.0003159918
Test_770,0.1222497299,0,0.0035554939,0.8672450185
Test_771,1.59098290168913E-05,0,0.9999408722,9.937130016624E-07
Test_772,0.1993816197,0,0.0040942254,0.709590435
Test_773,0.0019202481,0,0.889955163,0.0015426817
Test_774,0.0004578817,0,0.0001421261,0.9873326421
Test_775,0.0044105207,0,0.9835948348,0.0001524825
Test_776,0.9972066283,0,0.0003709932,0.0022400043
Test_777,0.9999021292,0,4.90586244268343E-05,4.32604501838796E-05
Test_778,0.4454506338,0,0.3836625516,0.0256889649
Test_779,0.0002199656,0,0.0006024555,0.9924560785
Test_780,0.9982165694,0,0.0003520944,0.0012510002
Test_781,0.9996001124,0,0.0003090832,7.43544878787361E-05
Test_782,0.0004217835,0,0.9959641695,0.0003261246
Test_783,6.84944780005026E-06,0,0.9999357462,4.96315533382585E-06
Test_784,1.19720807560952E-05,0,0.9999724627,3.78642454279543E-07
Test_785,0.9989218712,0,0.0010044188,5.1504401199054E-05
Test_786,0.0014342773,0,0.7964659333,0.0026895378
Test_787,5.45917100680526E-05,0,0.9994751811,2.83792342088418E-05
Test_788,0.9997486472,0,6.38917626929469E-05,0.0001691804
Test_789,5.93682088947389E-05,0,0.9962217808,0.0001672356
Test_790,0.02740217,0,0.045518782,0.2164572179
Test_791,0.0392759405,0,0.0011179973,0.9535395503
Test_792,1.17194622362149E-05,0,0.9991771579,5.23946391695063E-06
Test_793,3.82071702915709E-05,0,0.9997004271,3.76191428586026E-06
Test_794,0.2627122104,0,0.0645107999,0.149800539
Test_795,0.2448200285,0,7.88532779552042E-05,0.7543107271
Test_796,0.0003108695,0,0.9989450574,2.45249466388486E-05
Test_797,0.9996745586,0,0.0001417591,0.0001751262
Test_798,6.7346598370932E-05,0,0.999330163,9.50451885728398E-06
Test_799,0.000555092,0,0.9992333651,6.42840177533799E-06
Test_800,0.0074535389,0,0.9672573209,0.0022293662
Test_801,0.0038423871,0,0.9960089922,1.58538750838488E-05
Test_802,0.002305045,0,0.9099363089,0.0013918584
Test_803,0.1184604168,0,0.0243239719,0.3534589112
Test_804,0.0005181587,0,0.0811319277,0.0016181277
Test_805,0.000019504,0,0.9999500513,1.05757658275252E-06
Test_806,0.0311346818,0,0.0119718499,0.069998771
Test_807,0.0009415029,0,0.0038308944,0.0070134508
Test_808,0.9995197058,0,0.0004289154,3.82207072107121E-05
Test_809,0.9336331487,0,0.0099229366,0.0277640782
Test_810,0.0011651263,0,0.9987685084,1.21820603453671E-05
Test_811,0.9950666428,0,0.0043908334,0.0003433338
Test_812,0.0004061131,0,0.9807140231,7.59224421926774E-05
Test_813,0.9991964698,0,0.0005560421,0.000212913
Test_814,5.7540546549717E-06,0,2.06622225960018E-05,0.9998830557
Test_815,0.0075484104,0,0.0013060905,0.9244171977
Test_816,0.0016090078,0,0.0306281764,0.4029971957
Test_817,0.0017362287,0,0.0694088638,0.0034113317
Test_818,0.1489282846,0,0.0059539052,0.8335704803
Test_819,0.5475534201,0,0.4319485426,0.0147651033
Test_820,0.9994754195,0,0.00041402,9.63692582445219E-05
Test_821,0.0003753525,0,0.0001939201,0.9909325838
Test_822,0.9557201266,0,0.0098500047,0.0182579458
Test_823,0.9957830906,0,0.0024116342,0.0014215031
Test_824,0.9218345881,0,0.0009485572,0.0700356215
Test_825,0.0012049887,0,0.445980072,0.0018703747
Test_826,0.0007362571,0,0.9827679992,0.0011257613
Test_827,0.1950974315,0,0.4764701128,0.2622785866
Test_828,0.000264763,0,0.9985149503,9.77212403086014E-06
Test_829,0.0001328025,0,9.88493957265746E-06,0.9995268583
Test_830,0.0483029149,0,0.9506471157,0.0001707805
Test_831,0.0005743134,0,0.9729740024,0.0004926486
Test_832,0.9996042848,0,0.0003312769,5.35048529854976E-05
Test_833,0.0001425072,0,0.9994254112,3.85006424039602E-05
Test_834,1.63053282449255E-05,0,0.9999672174,5.87532497320353E-07
Test_835,2.88390983769204E-05,0,0.9999558926,6.71412124120252E-07
Test_836,0.8534750938,0,0.0320270695,0.0227439515
Test_837,0.3159842491,0,0.0083372956,0.6234771609
Test_838,0.0274620187,0,0.0050170231,0.7517472506
Test_839,9.65367416938534E-06,0,0.9997892976,6.564732757397E-06
Test_840,0.000203946,0,0.9967918992,2.552279511292E-05
Test_841,0.0007395045,0,0.0001562158,0.9467842579
Test_842,0.9987573624,0,0.0004787963,0.0006961065
Test_843,5.56507729925215E-05,0,0.9999339581,4.99928034969344E-07
Test_844,0.0507552512,0,0.1407048851,0.0606415682
Test_845,0.0081879776,0,0.8912037015,0.0052381968
Test_846,0.0077287415,0,0.9443799853,0.0347580761
Test_847,0.0028458149,0,0.6559787989,0.0065509225
Test_848,0.140955776,0,0.6940419078,0.0034489734
Test_849,0.1249827892,0,0.0041668387,0.782705307
Test_850,0.0002112541,0,0.9980687499,1.42266617331188E-05
Test_851,0.0031264671,0,0.000041336,0.9963333607
Test_852,2.09851123145199E-06,0,0.9999277592,2.78665606856521E-06
Test_853,0.0006983343,0,0.9584125876,0.0023010392
Test_854,0.0002260774,0,7.15198839316145E-05,0.9994317889
Test_855,0.06257613,0,0.0016278656,0.9005631804
Test_856,0.9975662231,0,0.0020424395,0.0002577712
Test_857,3.16143668896984E-05,0,0.9988510609,1.61441748787183E-05
Test_858,0.0001533858,0,0.9993060827,1.61727857630467E-05
Test_859,0.0005168251,0,9.60136385401711E-05,0.9953038692
Test_860,0.9820463061,0,0.017018022,0.000535538
Test_861,2.8925599053764E-06,0,0.9993514419,5.84877352594049E-06
Test_862,0.0020587258,0,0.9943430424,0.0001445242
Test_863,0.0288913436,0,0.0091670733,0.2216357589
Test_864,0.0889027268,0,0.8703538775,0.0219710134
Test_865,2.72165489150211E-05,0,0.9996882677,1.90964829016593E-06
Test_866,0.1661637723,0,0.8076156974,0.0077838628
Test_867,0.2522596717,0,0.0217084773,0.3825649023
Test_868,0.0001488883,0,0.9961561561,6.10311180935241E-05
Test_869,0.016018806,0,0.0082932115,0.548345983
Test_870,0.0884389505,0,0.023778379,0.5471032858
Test_871,0.0017419339,0,0.0010114745,0.9832860231
Test_872,0.2602147162,0,0.0493354723,0.5009280443
Test_873,7.85684824222699E-05,0,0.000082076,0.9980954528
Test_874,0.0286877323,0,0.008181829,0.5046325922
Test_875,0.006545105,0,0.0004638579,0.972702086
Test_876,0.0006007094,0,5.78901563130785E-05,0.9953403473
Test_877,0.5538389683,0,0.0179808829,0.1496549398
Test_878,0.9980130196,0,0.0012723245,0.0004945517
Test_879,0.0011397892,0,0.9931554198,0.0008482324
Test_880,1.53112614498241E-05,0,0.9999301434,4.34336516264011E-06
Test_881,0.0023345256,0,0.9817160964,0.0002777731
Test_882,0.0196505021,0,0.9685746431,0.0018752463
Test_883,0.011584538,0,0.0189679582,0.5939762592
Test_884,0.6705147028,0,0.0526763909,0.0483041219
Test_885,0.9931586385,0,0.0053725829,0.0008820165
Test_886,0.9989215136,0,0.000426477,0.0005744946
Test_887,0.9946060777,0,0.002447434,0.0019989237
Test_888,0.0042365282,0,0.99348104,0.0002605159
Test_889,2.57053466157231E-06,0,0.9999822378,3.86104005656307E-07
Test_890,0.116707854,0,0.8753375411,0.0006332783
Test_891,0.0073040794,0,0.0002060274,0.9910544753
Test_892,1.43441766340402E-05,0,0.9999121428,0.000006087
Test_893,0.0097408956,0,0.0089028589,0.1196203157
Test_894,0.0017353381,0,0.0003862816,0.9806256294
Test_895,0.996704638,0,0.0023980045,0.0007775216
Test_896,0.0965544432,0,0.0191937238,0.3924843073
Test_897,0.9907135963,0,0.0020767802,0.0063140402
Test_898,0.0032487151,0,0.005398266,0.1176629141
Test_899,9.5227878773585E-05,0,0.9996676445,2.03452236746671E-05
Test_900,0.0001318355,0,1.97218523680931E-05,0.9986989498
Test_901,0.0060959877,0,0.5128071904,0.0034722004
Test_902,0.9991562366,0,0.0003713363,0.0004019555
Test_903,0.0003330066,0,0.9996222258,3.77610490431834E-06
Test_904,0.9980958104,0,0.0002313716,0.0016232699
Test_905,0.0002935281,0,0.6227573752,0.0021127828
Test_906,0.0051469738,0,0.9863786697,0.001648081
Test_907,0.0336978994,0,0.0037469165,0.8231853843
Test_908,0.0001821733,0,7.91218772064894E-05,0.9981075525
Test_909,0.9992460012,0,0.0003399033,0.0003750755
Test_910,0.0032643841,0,0.2984128594,0.0027499227
Test_911,0.0041842959,0,0.0001406724,0.990439415
Test_912,0.0003403993,0,0.1409058273,0.0010589658
Test_913,0.0003836771,0,0.9992616773,3.86041137971915E-05
Test_914,3.03282340610167E-05,0,3.16651785396971E-05,0.9995790124
Test_915,0.0011887184,0,0.9974650145,0.0002086757
Test_916,0.0737842321,0,0.0015030013,0.8901473284
Test_917,9.42264450713992E-05,0,0.9946680069,5.83858563913964E-05
Test_918,0.0001376315,0,0.9995658994,0.000011305
Test_919,0.0023886776,0,0.0013101274,0.9771793485
Test_920,0.0013341268,0,0.9905699492,0.0001458482
Test_921,0.0137914829,0,0.000962663,0.9656085968
Test_922,0.9983135462,0,0.0012132603,0.0003954888
Test_923,0.0011005823,0,0.9977813363,0.0001566936
Test_924,0.0009031031,0,0.000050782,0.9979305267
Test_925,0.9993268251,0,0.0002253584,0.0003586657
Test_926,1.26701534099993E-05,0,0.9995269775,1.83864256086963E-06
Test_927,0.6719354987,0,0.1423885971,0.060916163
Test_928,0.0010025819,0,0.9954698086,0.0001233999
Test_929,0.0084230639,0,0.0054024765,0.7967802882
Test_930,0.014395725,0,0.0285014082,0.00772131
Test_931,0.9988233447,0,0.0008160076,0.0002771294
Test_932,0.0008813185,0,0.0054569175,0.0474093892
Test_933,0.9984771609,0,0.0001469875,0.0012166575
Test_934,0.0069914442,0,0.5078381896,0.0021323513
Test_935,0.0011975633,0,0.608928442,0.0023250419
Test_936,0.0030925139,0,0.0002845237,0.9908646941
Test_937,0.000405696,0,0.9980436563,0.000200667
Test_938,0.0159640927,0,0.0011360901,0.9695135355
Test_939,0.999532938,0,0.0003456954,9.80603945208713E-05
Test_940,0.0016650612,0,1.56822043209104E-05,0.9958672523
Test_941,0.3231737614,0,0.0001927266,0.6733928323
Test_942,0.0072805677,0,0.0005078198,0.981946826
Test_943,3.30155598931014E-05,0,0.9999498129,1.53913595113409E-06
Test_944,0.0024592502,0,0.0980618075,0.0048760679
Test_945,0.9897733331,0,0.0066481037,0.0022190334
Test_946,0.0030651812,0,0.8008351326,0.0037942259
Test_947,0.0025074563,0,0.0004550372,0.973744154
Test_948,0.9947723746,0,0.0017509069,0.0025335385
Test_949,0.9333015084,0,0.0310064051,0.0118906144
Test_950,0.0015221459,0,0.0002915695,0.9767745137
Test_951,0.000421314,0,0.9967296124,4.55445588158909E-05
Test_952,0.0004672961,0,2.45357641688315E-05,0.9990321398
Test_953,4.05204373237211E-05,0,3.14581011480186E-05,0.999632597
Test_954,0.9996795654,0,0.0001040424,0.0002000685
Test_955,0.9985779524,0,0.0004017623,0.0007800475
Test_956,0.0016093414,0,5.8251553127775E-05,0.9924718142
Test_957,0.0118315425,0,0.0521397255,0.1276935041
Test_958,0.0001403905,0,5.55225087737199E-05,0.9994004965
Test_959,6.90444794599898E-05,0,0.9997457862,5.13356098963413E-06
Test_960,0.0035609764,0,0.9956569672,0.000195979
Test_961,0.7144528031,0,0.1094259992,0.0703206509
Test_962,0.9917399883,0,0.0021653278,0.0028482028
Test_963,0.9997556806,0,3.65234445780516E-05,0.0001965445
Test_964,0.0005175203,0,0.9986582994,1.95581760635832E-05
Test_965,0.9990192652,0,0.0005893426,0.0003174165
Test_966,0.0080088628,0,0.067546241,0.025606703
Test_967,1.89896854863036E-05,0,0.9995107651,0.000009817
Test_968,0.0003932227,0,0.997466445,5.78670551476534E-05
Test_969,4.07325896958355E-05,0,0.9998019338,0.000024875
Test_970,0.9985147119,0,8.28595366328955E-05,0.0013207364
Test_971,0.0003114621,0,6.30212962278165E-05,0.9994062185
Test_972,0.0005684678,0,0.9988731742,3.38776408170816E-05
Test_973,0.0005854924,0,0.5767552853,0.0013348212
Test_974,0.9490148425,0,0.0008548565,0.0488055535
Test_975,0.9619068503,0,0.0046022469,0.027811408
Test_976,0.0001494354,0,0.9979593754,5.96502286498435E-05
Test_977,0.0008976173,0,0.00117281,0.9883602858
Test_978,1.74279284692602E-05,0,0.999666214,4.99357975058956E-06
Test_979,0.9982244372,0,0.0012248418,0.0004889704
Test_980,0.0061743581,0,0.0004484207,0.9799154997
Test_981,0.0011805492,0,0.0002690362,0.9948923588
Test_982,0.9869065285,0,0.0003191651,0.0125945285
Test_983,0.0014944292,0,0.4825271666,0.0038871823
Test_984,0.0012519029,0,8.3119586633984E-05,0.9948929548
Test_985,0.0009898845,0,0.6937912703,0.155742541
Test_986,3.78980730602052E-05,0,1.14634349301923E-05,0.9992120266
Test_987,0.0001394307,0,0.0015423804,0.0016344255
Test_988,0.9978688955,0,7.66939338063821E-05,0.0019622061
Test_989,0.9982343912,0,0.0007687605,0.0008462017
Test_990,0.042351611,0,0.0975945294,0.0339786708
Test_991,0.0018281767,0,0.6111994386,0.0357379727
Test_992,0.0188573599,0,0.0219214242,0.5695849061
Test_993,0.6941794753,0,0.0349618122,0.0398572907
Test_994,0.8841623664,0,0.018252857,0.0572767258
Test_995,0.7339511514,0,0.1816187948,0.0102467583
Test_996,0.0005749427,0,0.9931074977,2.57112260442227E-05
Test_997,0.0001390012,0,0.9980060458,0.0014645129
Test_998,1.69124596141046E-05,0,0.9992098808,6.0127854339953E-06
Test_999,4.31335283792578E-05,0,0.9999041557,3.32431523020205E-06
Test_1000,0.001266962,0,0.9768003225,0.0005153832
Test_1001,0.0057798745,0,0.0373920873,0.1141873673
Test_1002,0.0001755526,0,0.9980762005,9.24651030800305E-05
Test_1003,0.0012245787,0,0.000170394,0.9921946526
Test_1004,0.0227206722,0,0.0020722081,0.930244267
Test_1005,0.9994182587,0,0.0003432361,0.0001858927
Test_1006,0.0005090298,0,0.879822135,0.0024135832
Test_1007,0.0138322338,0,3.83434853574727E-05,0.9855367541
Test_1008,0.9755915999,0,0.0040788767,0.0134937298
Test_1009,0.0079429885,0,0.9844619036,0.0006063165
Test_1010,6.76064109939034E-06,0,0.9999345541,1.93260166270193E-06
Test_1011,0.0001812578,0,0.9992249012,3.2646901672706E-05
Test_1012,0.0045746472,0,0.0028685457,0.9571554661
Test_1013,0.0001045503,0,0.9997368455,2.4103743271553E-05
Test_1014,2.74431931757135E-05,0,0.999812901,1.38567347676144E-05
Test_1015,0.9966855645,0,0.0017393506,0.0009462982
Test_1016,0.0924280956,0,0.7832131386,0.033832822
Test_1017,0.0004822228,0,0.9994900227,3.10655195789877E-06
Test_1018,7.65475415391847E-05,0,0.0002231915,0.9982492924
Test_1019,3.38681384164374E-05,0,0.9992770553,1.18138559628278E-05
Test_1020,0.002322448,0,0.9960989952,0.000188669
Test_1021,4.75350543638342E-06,0,0.9998719692,8.92631305760006E-06
Test_1022,0.0165951792,0,0.9785472155,0.0006219072
Test_1023,0.9991925359,0,0.0005985035,0.0001759509
Test_1024,0.9991790652,0,0.000537911,0.0002143117
Test_1025,0.0118175577,0,0.0007390441,0.9614041448
Test_1026,0.9935778379,0,0.0039912816,0.0013587069
Test_1027,5.63805515412241E-05,0,3.23565000144299E-05,0.999391675
Test_1028,0.9789495468,0,0.0105032614,0.0070820586
Test_1029,0.998031795,0,0.0012765293,0.0004449922
Test_1030,0.9995829463,0,0.0002117082,0.0001761106
Test_1031,4.62671778223012E-06,0,1.10808978206478E-05,0.9998645782
Test_1032,0.0152269825,0,0.0004745854,0.9709914923
Test_1033,0.0001798439,0,0.9994538426,0.000013241
Test_1034,0.0013316291,0,0.7630839944,0.0007708337
Test_1035,0.0092816865,0,0.9763374925,0.0007592093
Test_1036,0.99927634,0,0.0001632694,0.0005224765
Test_1037,0.2399644405,0,0.4504134357,0.0194568466
Test_1038,5.52739256818313E-05,0,5.24930737810792E-06,0.9991135001
Test_1039,0.0019248124,0,0.0013944446,0.8647300005
Test_1040,0.0031889577,0,0.0001931618,0.9793260098
Test_1041,0.0002666386,0,0.781064868,0.001444348
Test_1042,0.0016070148,0,0.9941139817,0.0001238207
Test_1043,0.0061728447,0,0.9529716372,0.0007677373
Test_1044,0.0015074202,0,0.0011156182,0.9591543078
Test_1045,0.0012560305,0,0.9055696726,0.0020094551
Test_1046,0.8379590511,0,0.0239577536,0.0846092105
Test_1047,0.9970403314,0,0.0005883194,0.0021371031
Test_1048,0.0008528678,0,4.10915117754485E-06,0.9987610579
Test_1049,0.1002949029,0,0.0007734349,0.8901235461
Test_1050,0.0002353915,0,0.9583984017,0.0001465001
Test_1051,0.0824064985,0,0.0067341393,0.5496255159
Test_1052,0.0423051417,0,0.0049506901,0.7835628986
Test_1053,2.19808789552189E-05,0,0.9999536276,2.67840761125626E-07
Test_1054,0.9977563024,0,0.0020072374,0.000180887
Test_1055,0.0033848279,0,0.0007108194,0.978848815
Test_1056,0.0002003919,0,0.9980888963,3.54297044395935E-05
Test_1057,0.0074961879,0,0.0018871536,0.8527646065
Test_1058,0.9643612504,0,0.008704761,0.0153962569
Test_1059,0.0392751954,0,0.0033163675,0.9488345981
Test_1060,0.0308210999,0,0.0088971155,0.7614912391
Test_1061,0.92406106,0,0.0046936683,0.0611443333
Test_1062,0.9965348244,0,0.0018476315,0.001395899
Test_1063,2.31513913604431E-05,0,0.9834477901,9.90214248304255E-05
Test_1064,0.0324513614,0,0.0082537159,0.5321161151
Test_1065,0.9985035658,0,3.61128040822223E-05,0.0014511819
Test_1066,0.0020226645,0,0.0002498957,0.9932612777
Test_1067,0.6625190973,0,0.0333220586,0.1787062287
Test_1068,0.0001106438,0,1.05414555946481E-05,0.996011734
Test_1069,1.54196295625297E-05,0,0.9999152422,6.11486848356435E-06
Test_1070,0.7731488943,0,0.0550324172,0.0476275496
Test_1071,0.0151135009,0,0.528672874,0.012399991
Test_1072,0.0533997156,0,0.0146290688,0.5782920718
Test_1073,0.0022353702,0,0.0012802645,0.989002943
Test_1074,0.0753055662,0,0.9237909913,0.0001511371
Test_1075,0.0006636125,0,0.547338903,0.0009336596
Test_1076,0.5363200903,0,0.0080893375,0.3919398189
Test_1077,0.9995144606,0,0.0001094781,0.0002802961
Test_1078,1.09237307697185E-05,0,0.9997929931,6.64188064547488E-06
Test_1079,0.0001459066,0,0.9997016788,1.1422814168327E-05
Test_1080,0.1971592456,0,0.1898876131,0.0962946564
Test_1081,0.0019141728,0,0.0428667068,0.0038911314
Test_1082,0.0018549061,0,0.0003203262,0.9860981703
Test_1083,0.9996199608,0,0.0002014763,0.000151226
Test_1084,0.0022491955,0,0.0507347248,0.0050285892
Test_1085,0.0002132121,0,1.86284196388442E-05,0.998724997
Test_1086,0.0009115591,0,0.9842595458,8.99627630133182E-05
Test_1087,0.0033062401,0,0.0004248548,0.9767721295
Test_1088,2.27440632443177E-05,0,0.9997220635,0.000015174
Test_1089,0.0008778202,0,0.0002962259,0.9807924628
Test_1090,0.2789782286,0,0.0009151803,0.7104464173
Test_1091,0.9970867038,0,0.0019690185,0.0005459081
Test_1092,0.9968083501,0,0.0004487013,0.0016854203
Test_1093,0.0072693275,0,0.0009065717,0.9331892729
Test_1094,0.995972693,0,0.0005255747,0.0033427607
Test_1095,0.0003305493,0,4.56711386505049E-05,0.9983356595
Test_1096,0.0007694728,0,0.0008839115,0.9904949665
Test_1097,0.9990336895,0,0.0007308797,0.0001690468
Test_1098,0.9483319521,0,0.0047857836,0.0342396796
Test_1099,0.0048906901,0,0.0006941208,0.8955882788
Test_1100,0.0008531151,0,0.9720996022,0.0014867882
Test_1101,0.9974312186,0,0.0007643468,0.0014907573
Test_1102,2.39626624534139E-05,0,0.9982149601,7.34106870368123E-05
Test_1103,0.0103099197,0,0.0120902136,0.8792890906
Test_1104,0.9789853096,0,0.0004088756,0.0188314412
Test_1105,0.0006635881,0,2.77848030236782E-05,0.9988083839
Test_1106,0.9991275668,0,0.0006592723,0.0001756054
Test_1107,0.0006714636,0,0.9778724909,0.0006439307
Test_1108,0.9941555262,0,0.0044063139,0.0008958093
Test_1109,0.9617325068,0,0.0190987829,0.006089868
Test_1110,2.3696877178736E-05,0,0.9998438358,1.93547966773622E-05
Test_1111,0.0007103525,0,0.9989776611,3.12794982164632E-05
Test_1112,0.9980270267,0,0.00093025,0.0007711132
Test_1113,0.7449682355,0,0.2441630214,0.0042439946
Test_1114,0.0013382131,0,0.9983483553,7.05371348885819E-05
Test_1115,0.0007812651,0,0.998249948,0.0001154416
Test_1116,0.0001175152,0,0.9984315038,7.81989001552574E-05
Test_1117,0.9955601692,0,0.0027300364,0.0010318852
Test_1118,6.00410999140877E-07,0,0.9999825954,1.88183975069478E-07
Test_1119,0.0007959603,0,7.72512503317557E-05,0.9967573285
Test_1120,0.0015053777,0,0.1795223653,0.0016578543
Test_1121,0.0008697027,0,0.743512094,0.0060322336
Test_1122,0.0059568048,0,0.0030782765,0.8911316395
Test_1123,0.9982951283,0,0.0008784108,0.0006898366
Test_1124,0.000142904,0,0.998794198,8.88853464857675E-05
Test_1125,0.2971335649,0,0.0142593691,0.6678655744
Test_1126,0.9956787229,0,0.003903883,0.0002628159
Test_1127,0.0021001466,0,0.0009020144,0.9229063988
Test_1128,0.7447785735,0,0.2546880245,0.0001769428
Test_1129,9.36857395572588E-05,0,0.999830842,8.64026787894545E-06
Test_1130,3.1165163818514E-05,0,3.32483250531368E-06,0.9995657802
Test_1131,0.9978691339,0,0.0018187838,0.0002113555
Test_1132,0.0220052563,0,0.0212593749,0.2771487236
Test_1133,0.256811589,0,0.2838747501,0.1708205938
Test_1134,0.0002573902,0,0.9713947773,0.0023507371
Test_1135,0.9992382526,0,0.0003639824,0.000328424
Test_1136,0.0009628632,0,0.0004277562,0.9937732816
Test_1137,0.0383817367,0,0.0105628502,0.354737103
Test_1138,0.0007759946,0,0.0001363789,0.981316328
Test_1139,0.0159004759,0,0.7695587277,0.0967165902
Test_1140,0.0038239704,0,2.79983159998665E-05,0.9958494902
Test_1141,0.0029175275,0,0.0007240358,0.9925219417
Test_1142,0.0009752851,0,0.7554175258,0.0010428106
Test_1143,0.0007658539,0,0.9835270047,0.0007926188
Test_1144,0.0001863984,0,0.9998002648,1.13041051008622E-06
Test_1145,0.9482633471,0,0.0018514579,0.0433725901
Test_1146,6.18352441961179E-06,0,0.9999862909,2.98091890726937E-07
Test_1147,0.0009301587,0,0.0004278462,0.9915838242
Test_1148,5.55168589926325E-05,0,0.9908794165,6.97074283380061E-05
Test_1149,0.0066515212,0,0.1042131186,0.0331741646
Test_1150,0.9314626455,0,0.0004213983,0.0673276335
Test_1151,0.9999125004,0,5.06032629346009E-05,3.30555340042338E-05
Test_1152,0.9983238578,0,0.0012621246,0.0003330543
Test_1153,0.0020784617,0,0.000057634,0.9969787598
Test_1154,0.0051608658,0,0.9924339056,0.0003488438
Test_1155,0.0031652183,0,0.972248435,0.0011865635
Test_1156,0.0666715428,0,0.0001847845,0.9307603836
Test_1157,0.0006964882,0,0.0003963539,0.8514246941
Test_1158,0.0176703706,0,0.0781803206,0.0766339824
Test_1159,0.007800851,0,0.9914072156,6.04183151153848E-05
Test_1160,0.999022007,0,0.0008456967,0.000102262
Test_1161,5.43471696801134E-06,0,0.999853611,2.08372034649074E-06
Test_1162,0.0016185312,0,0.0004820098,0.9392114282
Test_1163,0.9998556376,0,4.3831423681695E-05,9.37356089707464E-05
Test_1164,2.54965671047103E-05,0,0.9978551269,2.0115254301345E-05
Test_1165,0.0003453869,0,0.98013556,0.0001550521
Test_1166,0.9730404615,0,0.0024219551,0.0178032834
Test_1167,0.0009865394,0,0.9460501671,0.0003177188
Test_1168,0.000125543,0,0.9996066689,3.65456617146265E-05
Test_1169,0.0082788374,0,0.0011913335,0.8018704653
Test_1170,0.6407111883,0,0.0104802558,0.250962764
Test_1171,0.0023310138,0,0.0017706887,0.9917061329
Test_1172,0.9994052649,0,0.0001348597,0.0004328772
Test_1173,0.6150839329,0,0.1473195255,0.0687964484
Test_1174,0.0004889843,0,4.86562566948123E-06,0.9993909597
Test_1175,1.09769389382564E-05,0,0.9970747232,3.01605596177978E-05
Test_1176,0.0026194747,0,7.49187311157584E-05,0.9960033298
Test_1177,0.9956408739,0,0.0019249511,0.001484295
Test_1178,0.9988221526,0,0.0003913846,0.0006648128
Test_1179,1.45609112678358E-06,0,0.9999917746,8.82338397900639E-08
Test_1180,0.997546494,0,0.0005341429,0.0014574315
Test_1181,0.0004349153,0,0.9622841477,0.0004336624
Test_1182,0.8208312988,0,0.0093994904,0.1335386634
Test_1183,0.0022740262,0,0.0028008169,0.0593256205
Test_1184,0.0019868785,0,0.9976243377,0.0001157253
Test_1185,0.0059383446,0,0.6678698659,0.0143996738
Test_1186,0.00002547,0,0.9981017709,1.04693517641863E-05
Test_1187,0.0004962476,0,1.21891453090939E-05,0.9968060255
Test_1188,0.0323406421,0,0.0078704478,0.7351251841
Test_1189,0.0270845722,0,0.0015510764,0.9281252027
Test_1190,0.0001083788,0,0.9982597232,9.93141366052441E-05
Test_1191,0.0005119705,0,9.1982503363397E-05,0.9960137606
Test_1192,0.0012601912,0,0.9984452128,9.7514595836401E-05
Test_1193,0.008742895,0,0.0443414487,0.0155161479
Test_1194,0.9997779727,0,0.0001172098,9.52497430262156E-05
Test_1195,0.9996852875,0,0.000301103,1.11585759441368E-05
Test_1196,0.000957613,0,0.0035222482,0.9645003676
Test_1197,0.0004908375,0,0.0001095101,0.9987760186
Test_1198,4.19591196987312E-06,0,0.999943018,2.93126959149959E-06
Test_1199,6.43968496660818E-06,0,0.9999166727,1.401265876666E-06
Test_1200,0.0040048514,0,0.1081293374,0.0078595951
Test_1201,0.000169255,0,4.6631717850687E-05,0.9975337982
Test_1202,0.1064509004,0,0.0021701416,0.8617007136
Test_1203,0.9981001019,0,0.0013147433,0.0004941801
Test_1204,0.0565196313,0,0.1730977893,0.065774031
Test_1205,0.0015010136,0,0.9973512888,0.0002060359
Test_1206,0.0390336476,0,0.959310472,0.0003382989
Test_1207,0.0002521463,0,0.0001614819,0.988730967
Test_1208,0.0015559213,0,0.0002982205,0.9633936882
Test_1209,0.0006047405,0,0.9970952272,8.05845193099231E-05
Test_1210,3.04165387206012E-05,0,2.03893669095123E-05,0.9994108677
Test_1211,0.0003108446,0,6.05745663051493E-05,0.9726947546
Test_1212,0.9184108973,0,0.0054173348,0.0618292876
Test_1213,0.0001622535,0,6.17271289229393E-05,0.9960197806
Test_1214,0.0005845849,0,1.96591863641515E-05,0.9973025322
Test_1215,0.0012523284,0,0.0001755558,0.9935312867
Test_1216,2.44289003603626E-05,0,0.9997641444,1.45054955282831E-05
Test_1217,0.0073718238,0,0.0040067928,0.7805312872
Test_1218,2.90980915451655E-05,0,0.0005306907,0.9985263348
Test_1219,4.33016430179123E-05,0,0.9998458624,4.33075874752831E-05
Test_1220,0.0023173573,0,0.0003799136,0.9810199142
Test_1221,0.9968827963,0,0.002948015,7.6670476119034E-05
Test_1222,0.0019268108,0,0.972040534,0.0039826073
Test_1223,0.9860483408,0,0.0034102323,0.008716044
Test_1224,0.0001619524,0,0.9089023471,0.0003008101
Test_1225,0.1135158315,0,0.883158505,0.0006508441
Test_1226,9.34910858632065E-05,0,0.9995496869,5.08962148160208E-06
Test_1227,0.0001538718,0,0.9997019172,2.95710888167378E-05
Test_1228,0.0059644552,0,0.9890357852,0.0015488541
Test_1229,0.9991062284,0,0.0004772907,0.0003444345
Test_1230,0.0048578912,0,0.9945289493,0.0001912622
Test_1231,0.9998389482,0,6.78521319059655E-05,8.69923533173278E-05
Test_1232,0.9994215965,0,0.0004958381,6.61801168462262E-05
Test_1233,5.25238283444196E-06,0,0.9988973141,7.16032491254737E-06
Test_1234,7.43016062187962E-06,0,0.9999667406,1.15022908175888E-06
Test_1235,0.9996840954,0,0.0001341358,0.0001672871
Test_1236,0.073997654,0,0.0021692619,0.8796678782
Test_1237,0.0061499029,0,0.5622477531,0.0796894655
Test_1238,2.67395298578776E-05,0,0.9977840781,4.91780519951135E-05
Test_1239,0.5003060102,0,0.0021664456,0.4932740033
Test_1240,0.0001594858,0,0.9977028966,0.000042083
Test_1241,0.9988413453,0,0.0002305342,0.000911458
Test_1242,0.0005978487,0,0.0001633197,0.9921717644
Test_1243,8.56154583743773E-05,0,0.9989407659,1.02292578958441E-05
Test_1244,0.0018317719,0,0.000050151,0.9973447919
Test_1245,0.0012209123,0,0.001093859,0.9773350954
Test_1246,0.9050976634,0,5.76244638068602E-05,0.0944030583
Test_1247,2.85690566670382E-05,0,0.9995250702,8.66036498337053E-06
Test_1248,2.07951943593798E-05,0,0.9989122152,2.51660985668423E-05
Test_1249,0.0387523361,0,0.9154089689,0.0085410643
Test_1250,0.6425121427,0,0.0241184812,0.218312487
Test_1251,0.0025929962,0,0.0005515419,0.9637053609
Test_1252,0.0001670746,0,0.9996460676,1.53558048623381E-05
Test_1253,0.0009940926,0,0.0004670702,0.9793052077
Test_1254,0.9998052716,0,9.70067922025919E-05,0.000092978
Test_1255,0.3908708394,0,0.0380988903,0.1994582862
Test_1256,0.0004848865,0,0.169816494,0.0016170754
Test_1257,5.93686527281534E-05,0,0.000049761,0.9973281622
Test_1258,0.9953786135,0,0.0007319714,0.003579312
Test_1259,0.9994786382,0,0.0003850223,0.0001091003
Test_1260,0.2804470658,0,0.0491054282,0.5607633591
Test_1261,3.26717781717889E-05,0,0.9998499155,5.20420962857315E-06
Test_1262,0.9954599738,0,0.0024334034,0.0011945514
Test_1263,5.04451309097931E-05,0,0.9991024733,1.27917655845522E-05
Test_1264,0.82418859,0,7.43827113183215E-05,0.1751551926
Test_1265,0.9458195567,0,0.0006396717,0.0513695702
Test_1266,0.0141489599,0,0.9808946252,0.0009682102
Test_1267,0.5654410124,0,0.003651994,0.4235835969
Test_1268,0.0027113652,0,0.6727514267,0.0063381488
Test_1269,0.0002610704,0,0.9611557722,0.0012131754
Test_1270,0.0004246026,0,0.0095623592,0.0024466065
Test_1271,6.21033032075502E-05,0,0.000044792,0.9994050264
Test_1272,0.0002120705,0,0.9951931238,0.000215969
Test_1273,0.9998922348,0,0.000059055,4.63828619103879E-05
Test_1274,0.0677242428,0,0.0034970948,0.8553743362
Test_1275,0.0023866622,0,0.9966828227,0.0001449276
Test_1276,0.000598583,0,5.19213881489122E-06,0.9993390441
Test_1277,0.0001810254,0,0.9746410847,0.0001431806
Test_1278,0.8991872668,0,0.0028001317,0.0937448293
Test_1279,0.005502386,0,0.0005785204,0.9719511271
Test_1280,0.00009774,0,0.9935868979,0.0002551261
Test_1281,0.0014672497,0,0.0548830591,0.0049071475
Test_1282,0.5051986575,0,0.1574649215,0.0929963142
Test_1283,0.0003184488,0,0.9440921545,0.0006613716
Test_1284,0.6680430174,0,0.100071311,0.0492190979
Test_1285,0.9985778332,0,0.0007776401,0.0002308718
Test_1286,0.9866591692,0,0.0006561591,0.0117188729
Test_1287,0.9997358918,0,9.57017527980497E-06,0.0002448821
Test_1288,0.9580619931,0,0.0195529256,0.0155985141
Test_1289,0.0001430808,0,0.000022841,0.9995645881
Test_1290,0.0014579539,0,0.0006569925,0.4390362501
Test_1291,0.0009392623,0,0.0003312939,0.9916246533
Test_1292,0.0004842419,0,0.9925790429,0.0001114249
Test_1293,0.0063127144,0,0.0068562231,0.787088275
Test_1294,0.349313587,0,0.0159886666,0.4513373375
Test_1295,4.44956858700607E-05,0,0.9999222755,2.13444900509785E-06
Test_1296,0.9987159967,0,0.0011767384,7.73634237702936E-05
Test_1297,0.0032213842,0,0.0046149371,0.1488845199
Test_1298,1.51677932080929E-05,0,0.9999457598,1.86793226930604E-06
Test_1299,9.30908754526172E-06,0,0.9997300506,2.03890522243455E-05
Test_1300,0.0002209511,0,0.9996566772,8.33990270621143E-06
Test_1301,0.0132192904,0,0.5109077692,0.0143902767
Test_1302,5.49071919522248E-05,0,1.68620840668154E-06,0.9999024868
Test_1303,0.0024215034,0,0.9970767498,0.0001154665
Test_1304,8.77354978001677E-05,0,0.991299212,0.0008264447
Test_1305,0.0068401881,0,0.8216422796,0.0016352286
Test_1306,0.0030907465,0,0.0002172934,0.9866554737
Test_1307,7.20038951840252E-05,0,0.9998897314,7.99810550233815E-06
Test_1308,0.0005811231,0,5.43078276677989E-05,0.996427834
Test_1309,0.6233076453,0,0.1717755497,0.0523276776
Test_1310,0.0041517764,0,0.0012132945,0.9781668186
Test_1311,0.9976525903,0,0.0017710767,0.0003625461
Test_1312,0.219713226,0,0.3574409187,0.0710094497
Test_1313,0.0007922467,0,0.9056482911,0.0011417626
Test_1314,0.002009989,0,0.984100461,0.0005095379
Test_1315,0.9990967512,0,0.0005889568,0.0002772359
Test_1316,0.9950420856,0,0.000614706,0.0037891658
Test_1317,0.0012794014,0,0.0004441072,0.9817761779
Test_1318,0.016956199,0,0.5453442335,0.0130936047
Test_1319,8.99103615665808E-05,0,0.9991837144,0.000039033
Test_1320,0.0003297279,0,2.27122272917768E-05,0.997166574
Test_1321,0.0007329847,0,0.0192626659,0.0026051067
Test_1322,0.9969851375,0,0.0027365875,0.0001915313
Test_1323,9.02069677977124E-06,0,0.9999701977,8.02238901087549E-07
Test_1324,0.9992163181,0,7.16016365913674E-05,0.000630978
Test_1325,0.0002032907,0,2.47822681558318E-05,0.9988589287
Test_1326,0.0008583489,0,0.0005792281,0.9768064022
Test_1327,0.0006821203,0,0.9563034773,0.01076815
Test_1328,0.1776310205,0,0.0029683732,0.7589402795
Test_1329,0.0001021332,0,0.9989354014,9.50456596910954E-05
Test_1330,0.9534501433,0,0.0172685795,0.0208817311
Test_1331,0.0001994268,0,0.9993519187,2.64808168140007E-05
Test_1332,0.0004189141,0,0.0003860357,0.9968190193
Test_1333,0.0226932745,0,0.0077305641,0.8403393626
Test_1334,0.001476591,0,0.0001230003,0.9976709485
Test_1335,0.0001724812,0,0.9731205106,6.13891534158029E-05
Test_1336,0.0201481972,0,0.8686900735,0.0032747786
Test_1337,0.0700946376,0,0.3607591093,0.0551512428
Test_1338,7.5664001997211E-06,0,0.9999034405,5.93069535170798E-06
Test_1339,0.9892483354,0,0.007989211,0.0013763198
Test_1340,0.0128747365,0,0.002533383,0.9067619443
Test_1341,7.87493700045161E-05,0,0.9998526573,9.69630582403624E-06
Test_1342,0.0017425179,0,0.6822748184,0.0010317365
Test_1343,0.0075343098,0,0.0003865712,0.980999589
Test_1344,0.0057282699,0,0.9880465269,0.0002046821
Test_1345,0.0016266172,0,0.9725572467,0.0068167765
Test_1346,0.1974891126,0,0.0019867069,0.7693142295
Test_1347,0.0002136623,0,1.30787102534669E-05,0.9991793036
Test_1348,0.0086376062,0,0.0041167135,0.6054545641
Test_1349,0.0001365598,0,0.9279907942,0.000344307
Test_1350,0.9972752929,0,0.0016681271,0.0007321708
Test_1351,8.73998505994678E-05,0,0.7504529357,0.0058281692
Test_1352,0.000021818,0,0.9947748184,5.88157054153271E-05
Test_1353,0.9983258843,0,0.0001186727,0.001500495
Test_1354,0.9994981289,0,0.000342633,0.0001238775
Test_1355,0.9945105314,0,0.0049014143,0.0003224436
Test_1356,9.59378212428419E-06,0,0.000002081,0.9999564886
Test_1357,1.91974086192204E-05,0,0.9997956157,5.83476776228054E-06
Test_1358,0.0276206285,0,0.0001618419,0.9607205391
Test_1359,0.9764214754,0,0.012789432,0.0063526412
Test_1360,3.90944005630445E-05,0,0.9996711016,0.000018798
Test_1361,1.78340610546002E-06,0,0.9999482632,6.47067849968153E-07
Test_1362,0.0002547088,0,0.9994670749,2.07435423362767E-05
Test_1363,0.0007699698,0,0.9984902143,5.39782486157492E-05
Test_1364,0.0009637114,0,0.9491773248,0.0005573923
Test_1365,0.9995797276,0,8.19131673779339E-05,0.0003173965
Test_1366,0.0006048827,0,3.47690984199289E-05,0.9986650944
Test_1367,0.000005145,0,0.9999679327,0.00000086
Test_1368,1.41857226481079E-05,0,0.9983764887,0.0002279721
Test_1369,0.9988859296,0,0.000738076,0.000271871
Test_1370,0.0055678315,0,0.1782751083,0.0081386892
Test_1371,0.0008378303,0,0.0002283092,0.9921174645
Test_1372,0.9976373911,0,0.0009020099,0.0012207406
Test_1373,0.9793694615,0,0.0003653978,0.0198573787
Test_1374,1.89231250260491E-05,0,0.9994175434,6.75255887472304E-06
Test_1375,0.0037181082,0,0.0053443345,0.1366871893
Test_1376,0.9991237521,0,0.0002710277,0.0005421425
Test_1377,0.0124610746,0,0.9227679968,0.0142314956
Test_1378,0.3501442969,0,0.0982938334,0.2300123572
Test_1379,0.002532278,0,0.3687209189,0.0090314103
Test_1380,0.2540837228,0,0.0726058483,0.1175749749
Test_1381,0.988768816,0,0.0030641174,0.0035249214
Test_1382,0.0031481513,0,0.9965343475,1.30183389046579E-05
Test_1383,0.0001703922,0,0.0006766894,0.9936560392
Test_1384,0.0003734148,0,0.0001076463,0.9954420328
Test_1385,0.0043409676,0,0.0002173495,0.9777705073
Test_1386,0.0001397868,0,0.9973676801,9.51528636505827E-05
Test_1387,0.0005672912,0,0.0001401832,0.979709208
Test_1388,6.33582158116042E-06,0,0.9997050166,2.89013205474475E-05
Test_1389,0.0002252843,0,0.9978016019,0.0003618022
Test_1390,0.0002812933,0,0.9736480713,0.0003084165
Test_1391,5.20479006809182E-05,0,0.9994937181,2.13441235246137E-05
Test_1392,0.0038097624,0,0.3075941205,0.0087514501
Test_1393,0.0001995679,0,0.9990096092,2.96904381684726E-05
Test_1394,0.0006611813,0,0.0002197537,0.9548157454
Test_1395,0.0014828062,0,0.035317596,0.0031348884
Test_1396,0.0004289176,0,0.2178625762,0.0031545828
Test_1397,5.39191969437525E-05,0,0.9987818599,6.42476588836871E-05
Test_1398,0.000067355,0,0.9998835325,2.96448388326098E-06
Test_1399,3.04268651234452E-05,0,0.9981725216,4.49934705102351E-05
Test_1400,7.31803593225777E-05,0,0.0005237189,0.9982863069
Test_1401,0.0004102759,0,2.67864343186375E-05,0.9985320568
Test_1402,0.99656111,0,0.0013537366,0.0014911594
Test_1403,0.002066568,0,0.837913692,0.0012940536
Test_1404,9.54444258240983E-05,0,0.9995968938,4.23540950578172E-05
Test_1405,1.7355366708216E-06,0,0.9997679591,3.42521570928511E-06
Test_1406,4.67588733954472E-06,0,0.9998194575,0.000004868
Test_1407,0.0002400126,0,0.0001684403,0.9893885255
Test_1408,0.9970784187,0,0.0001946201,0.0025855622
Test_1409,0.1773512065,0,0.1072632745,0.6409296989
Test_1410,0.0004801068,0,0.9876470566,0.0002845993
Test_1411,0.0002643429,0,0.000313876,0.9908851981
Test_1412,0.0150491493,0,0.0011406302,0.9616550207
Test_1413,0.0017531002,0,0.000927965,0.9604992867
Test_1414,2.78836996585596E-05,0,0.9995866418,6.95211656420724E-06
Test_1415,0.1030550376,0,0.0189636555,0.5122905374
Test_1416,0.9627851248,0,0.0189853199,0.009499467
Test_1417,0.0005814032,0,0.0001655254,0.9898177981
Test_1418,0.5215781331,0,0.0359647013,0.2513457537
Test_1419,3.36887205776293E-05,0,0.9995242357,8.26182149467059E-05
Test_1420,0.1928608567,0,0.0114399353,0.6257494092
Test_1421,0.0004877472,0,0.0001783804,0.9957232475
Test_1422,1.21344555736869E-05,0,0.9980347753,2.87551865767455E-05
Test_1423,0.0012940172,0,0.9972054362,5.81154599785805E-05
Test_1424,0.9997567534,0,0.0001395646,8.74043034855276E-05
Test_1425,0.0003598804,0,0.9979403615,0.0001463183
Test_1426,0.0001115512,0,0.9955827594,0.0028711443
Test_1427,0.0004349439,0,9.16206845431589E-05,0.9946337938
Test_1428,0.0230389386,0,0.0064992881,0.7400205731
Test_1429,0.9719040394,0,0.0222054794,0.0015505326
Test_1430,0.9667066932,0,0.0041268161,0.0223203804
Test_1431,0.9988234639,0,0.0002149113,0.0008199366
Test_1432,0.0001615537,0,0.9930385947,0.0004095794
Test_1433,0.0018640753,0,0.9575679302,0.0021156711
Test_1434,7.03891009834479E-06,0,0.9997771382,1.2069329386577E-05
Test_1435,0.0001476753,0,3.99047603423241E-05,0.9961232543
Test_1436,0.0015651893,0,0.0190454591,0.003896917
Test_1437,0.0050227838,0,0.9418956041,0.0042093415
Test_1438,0.0002877327,0,0.9425242543,0.0007146152
Test_1439,0.9991400242,0,0.0002366894,0.0005560394
Test_1440,0.0126071209,0,0.3253053129,0.0120683825
Test_1441,7.48590764487744E-06,0,0.9998074174,0.000000945
Test_1442,0.6976917386,0,0.0273736808,0.1613004804
Test_1443,0.9984191656,0,0.0010719465,0.0003971592
Test_1444,6.37461062069633E-06,0,0.9999681711,3.60212737859911E-07
Test_1445,0.2569141388,0,7.25988647900522E-05,0.7428224683
Test_1446,0.9939182997,0,0.005362947,0.0004702618
Test_1447,0.0011014596,0,0.0003041509,0.9781293869
Test_1448,0.9986628294,0,0.0004385243,0.0007149588
Test_1449,0.0004889327,0,0.9559303522,0.0003618429
Test_1450,0.9991438389,0,9.02537503861822E-05,0.000725705
Test_1451,0.000382946,0,6.10277174928342E-06,0.9990522265
Test_1452,0.0014495734,0,0.0001439968,0.9956547022
Test_1453,0.0001233803,0,0.9996048808,2.23817569349194E-05
Test_1454,0.998762846,0,0.0010438922,0.0001403097
Test_1455,0.4710958302,0,0.0062432769,0.4725016952
Test_1456,0.0009914605,0,0.9987798333,3.22753840009682E-05
Test_1457,5.25521209056024E-05,0,0.9997380376,9.94510173768504E-06
Test_1458,0.0009691167,0,0.0001116075,0.9944398403
Test_1459,0.0006667241,0,0.7778677344,0.0011223563
Test_1460,0.0001425446,0,0.9983518124,0.0001934863
Test_1461,3.1046156436787E-06,0,0.9999746084,2.35091852118785E-06
Test_1462,0.0154509656,0,0.9695778489,0.0042087026
Test_1463,0.0003359983,0,0.4264260828,0.0002637999
Test_1464,0.0050826152,0,0.2432433218,0.0226540901
Test_1465,4.85148711959482E-06,0,0.9999636412,4.66165118950812E-07
Test_1466,0.9766883254,0,0.0070982575,0.0129720243
Test_1467,0.953330636,0,0.0186594371,0.0151950102
Test_1468,0.0006621272,0,3.90627683373168E-05,0.9938726425
Test_1469,0.9972159863,0,0.0015421751,0.0009557933
Test_1470,0.0001376597,0,5.79673323954921E-05,0.9930164814
Test_1471,0.0156389661,0,0.5910231471,0.0516906008
Test_1472,0.0025340179,0,0.7464781404,0.0020245104
Test_1473,0.9967647791,0,0.0015177699,0.0011090362
Test_1474,0.0010149933,0,0.6755483747,0.0099866092
Test_1475,0.0001579572,0,0.9998107553,4.61588342659525E-06
Test_1476,0.0237046685,0,0.0006590165,0.9664995074
Test_1477,0.0004439589,0,0.0001596247,0.9980679154
Test_1478,4.18880699726287E-05,0,0.9993771911,0.000011237
Test_1479,0.0019915702,0,0.0006922895,0.1917636245
Test_1480,0.0012225496,0,0.9979106784,0.0001952834
Test_1481,0.0130689405,0,0.0004760429,0.9795763493
Test_1482,0.0027934231,0,0.0016451635,0.9545620084
Test_1483,0.1433224231,0,0.0149982851,0.7401510477
Test_1484,0.9942250848,0,0.0001173315,0.0051695416
Test_1485,0.9975578785,0,0.0004430281,0.0018668728
Test_1486,1.30706371237466E-06,0,0.9998743534,7.72490784584079E-06
Test_1487,0.0001003828,0,0.9990779161,4.72854480904061E-05
Test_1488,0.0011248298,0,0.233275786,0.0090948176
Test_1489,3.28856112901121E-05,0,0.9991679192,2.8449894671212E-05
Test_1490,0.0988616273,0,0.0057295295,0.8275258541
Test_1491,0.0023005691,0,0.9343955517,0.0050215172
Test_1492,4.16505235989462E-06,0,0.9999655485,2.13266139326151E-06
Test_1493,0.9983832836,0,0.0007117369,0.0006958793
Test_1494,0.9975829124,0,0.0011053066,0.0011045227
Test_1495,0.7382778525,0,0.0170889497,0.2207031995
Test_1496,0.0068780212,0,0.0001317778,0.9612295628
Test_1497,0.0073949574,0,0.9910180569,0.0002717631
Test_1498,0.0001407393,0,5.1960061682621E-05,0.9993448853
Test_1499,0.0006208579,0,0.9989644289,9.51521724346094E-05
Test_1500,0.4088481963,0,0.1091795862,0.1627192199
Test_1501,0.0008011251,0,3.64127954526339E-05,0.998447001
Test_1502,0.0021421677,0,0.0008660465,0.9245272875
Test_1503,0.9986541271,0,0.0006996996,0.0006129367
Test_1504,0.0014152225,0,0.9476583004,0.0030218619
Test_1505,6.60513687762432E-05,0,0.9993121624,0.000010458
Test_1506,0.6485795379,0,0.1329853237,0.0274054036
Test_1507,0.9452754855,0,0.0276794676,0.0131147979
Test_1508,0.0002440439,0,0.999407649,0.00002794
Test_1509,0.0004229111,0,7.88525212556124E-05,0.998496294
Test_1510,0.0004050609,0,0.2465318143,0.001507791
Test_1511,0.00112582,0,0.0010910479,0.9624292254
Test_1512,0.0010488883,0,0.9939530492,0.0002865618
Test_1513,1.27231287478935E-05,0,0.9999140501,7.7135755418567E-06
Test_1514,1.52006823554984E-05,0,0.9999345541,2.70378836830787E-06
Test_1515,3.05911853502039E-05,0,0.9998775721,0.000003664
Test_1516,0.0009919445,0,0.0001551486,0.9949834347
Test_1517,0.0005871519,0,0.9927394986,8.80732914083637E-05
Test_1518,0.0013674904,0,7.24345009075478E-05,0.9943345785
Test_1519,0.0023643207,0,0.0002822622,0.9866742492
Test_1520,0.0002277437,0,2.4477934857714E-05,0.9985526204
Test_1521,0.9892066717,0,0.000525386,0.009437073
Test_1522,0.000108292,0,0.9970933199,3.860536889988E-05
Test_1523,0.0004236882,0,3.07970913127065E-05,0.9962769151
Test_1524,0.9984778762,0,0.0009139743,0.0004758354
Test_1525,0.9992672801,0,0.0005358288,0.0001686459
Test_1526,0.0001525104,0,3.13878590532113E-05,0.9981447458
Test_1527,0.0021942107,0,0.888340652,0.0016875612
Test_1528,0.0032549873,0,0.0001937155,0.9739325643
Test_1529,1.63144632097101E-05,0,0.9997443557,4.91545370095992E-06
Test_1530,0.9997150302,0,0.0001304112,0.0001325737
Test_1531,0.0009572018,0,0.6324039698,0.0039905324
Test_1532,0.9887956381,0,0.0017099655,0.0085724965
Test_1533,0.001598553,0,0.98325634,0.0086840689
Test_1534,0.0093462728,0,0.016367808,0.7996701002
Test_1535,0.0014945713,0,0.4568170309,0.0024300646
Test_1536,0.1344017237,0,0.1469527036,0.0080095921
Test_1537,0.0008173434,0,0.0019839893,0.9945854545
Test_1538,0.0005439238,0,0.9908786416,0.0005480431
Test_1539,0.0016923677,0,0.9957446456,7.11751417838968E-05
Test_1540,0.0002336662,0,0.000141997,0.9943618774
Test_1541,0.000207894,0,0.0002319016,0.9987793565
Test_1542,0.6014223695,0,0.0978036523,0.2506570518
Test_1543,1.71845749719068E-05,0,0.9997760653,4.74069975098246E-06
Test_1544,0.6368057728,0,0.022638645,0.2691573799
Test_1545,1.48352073665592E-05,0,7.16705108061433E-05,0.9998150468
Test_1546,0.997625649,0,0.0009474144,0.0011886111
Test_1547,0.9981938004,0,0.0012516441,0.0004901242
Test_1548,0.6711530685,0,0.0041231941,0.3089504242
Test_1549,0.0001889547,0,1.1638178875728E-05,0.9992867112
Test_1550,0.0027279749,0,0.0011549612,0.5581452847
Test_1551,0.0030147654,0,0.0006848231,0.9400863647
Test_1552,0.0004795087,0,7.96827298472635E-05,0.9429363608
Test_1553,0.0610264465,0,0.0165860504,0.6167395115
Test_1554,0.0004466083,0,0.7640386224,0.0004423078
Test_1555,0.8244913816,0,0.0259956829,0.0949393138
Test_1556,2.67394557340594E-06,0,0.9999461174,3.09509829321542E-07
Test_1557,0.0315178856,0,0.0020599887,0.9579079747
Test_1558,3.35669064952526E-05,0,0.9998546839,1.32668119476875E-05
Test_1559,0.0012761033,0,0.9857009649,0.0001435089
Test_1560,0.9989082813,0,0.0009717915,9.14475531317294E-05
Test_1561,0.0025857852,0,0.0009778416,0.9721084833
Test_1562,0.004489582,0,0.9576496482,0.0012345408
Test_1563,0.0001319068,0,0.9984454513,0.0001067968
Test_1564,0.0019091216,0,0.4252320826,0.0034406527
Test_1565,0.0008991134,0,0.5349525213,0.0035635517
Test_1566,0.0026437524,0,0.0002802793,0.9738788605
Test_1567,0.0004939639,0,0.9961777925,0.0001157925
Test_1568,0.0009315207,0,0.8799680471,0.0006514589
Test_1569,3.89528722735122E-05,0,0.9997197986,1.69311624631518E-05
Test_1570,0.2506782115,0,0.0028559563,0.7099034786
Test_1571,0.0001091243,0,0.8809755445,0.0003654399
Test_1572,0.0003425885,0,0.9966948032,0.0001589124
Test_1573,9.26337670534849E-05,0,0.9970801473,5.95600613451097E-05
Test_1574,0.0055373632,0,0.5263149738,0.0056469822
Test_1575,0.000080058,0,0.998726666,1.86034721991746E-05
Test_1576,0.9989871383,0,0.0006650504,0.0002710985
Test_1577,0.0003619834,0,0.9419185519,0.0007765468
Test_1578,3.1863207823335E-06,0,0.9998333454,1.09424918264267E-05
Test_1579,0.9901720881,0,0.0036006013,0.0045084199
Test_1580,0.9987722039,0,0.0008728197,0.0002659468
Test_1581,0.0011907499,0,0.0005003262,0.96308887
Test_1582,0.0006478633,0,0.9989866614,1.59990649990505E-05
Test_1583,0.0005997836,0,0.9983561635,5.28912351001054E-05
Test_1584,0.0126848063,0,0.0002102525,0.9827757478
Test_1585,0.0019357224,0,0.238166526,0.0047415122
Test_1586,0.0001023078,0,0.999777019,1.54917524923803E-05
Test_1587,0.0004452087,0,0.947887361,0.0009057523
Test_1588,0.9885359406,0,0.0099147353,0.0010042357
Test_1589,6.94658410793636E-07,0,0.9999886751,3.41719243124317E-07
Test_1590,0.0001468063,0,0.0037353195,0.0034016115
Test_1591,0.9932150841,0,0.0024232245,0.0023425238
Test_1592,0.9994511008,0,0.000046606,0.0004943536
Test_1593,0.000022284,0,4.70913946628571E-05,0.9992589355
Test_1594,0.1656798869,0,0.004350225,0.7521965504
Test_1595,0.0069421362,0,0.1980010718,0.0050924267
Test_1596,0.9998255372,0,8.88955328264274E-05,7.95137239038013E-05
Test_1597,5.51685043319594E-05,0,0.9998304844,1.99002479348565E-05
Test_1598,0.001263084,0,0.001502449,0.9141491055
Test_1599,0.0021411595,0,0.9193082452,0.000822115
Test_1600,0.9978315234,0,0.0015114651,0.000547508
Test_1601,0.1352907717,0,0.0125410594,0.5903899074
Test_1602,0.9980454445,0,0.0015746241,0.0002503614
Test_1603,0.0075594275,0,0.9906355739,0.000334424
Test_1604,1.75641343957977E-05,0,0.9998915195,1.2107221664337E-05
Test_1605,0.114039354,0,0.000416184,0.8714669943
Test_1606,0.0008402152,0,0.1473360956,0.002023109
Test_1607,0.9848649502,0,0.0002873643,0.0128700249
Test_1608,0.0008466928,0,0.7944524884,0.0005680763
Test_1609,0.0013189981,0,0.9226387739,0.000973979
Test_1610,0.9977814555,0,0.0020919722,8.20197747088969E-05
Test_1611,0.2573391497,0,0.0415200964,0.225282833
Test_1612,0.0012756122,0,0.2125819325,0.0039508771
Test_1613,0.0032407304,0,0.0216443632,0.0136902556
Test_1614,0.0009343857,0,0.9983043671,0.0002741657
Test_1615,0.0001391342,0,1.90101036423584E-05,0.9996669292
Test_1616,0.0008825508,0,0.9780870676,0.0005363225
Test_1617,0.0124932332,0,0.9508698583,0.003204722
Test_1618,0.3792949915,0,0.0350494683,0.4100497067
Test_1619,0.1478036791,0,0.0009056573,0.8470779657
Test_1620,9.04335829545744E-05,0,0.9962592125,2.9665112379007E-05
Test_1621,0.0030712371,0,0.0003162217,0.9328096509
Test_1622,0.8383952975,0,0.0210601445,0.0998024642
Test_1623,0.0020237751,0,0.0012921889,0.9834529757
Test_1624,0.9905824661,0,0.0040899771,0.002737639
Test_1625,0.0049706562,0,0.9780856371,0.0026054797
Test_1626,0.0012667933,0,0.9793317318,0.0003198946
Test_1627,0.0354986899,0,0.0833033845,0.0925787836
Test_1628,0.000232035,0,0.974339366,0.0006341583
Test_1629,0.0121736014,0,1.70127423189115E-05,0.987639606
Test_1630,0.0002433499,0,0.0001190722,0.9983288646
Test_1631,0.0007437292,0,0.9991735816,7.53078256821027E-06
Test_1632,0.0003123102,0,0.9983645082,0.000095219
Test_1633,4.53966185887111E-06,0,0.9998207688,1.94993117474951E-06
Test_1634,0.0005551456,0,0.0514785424,0.00187451
Test_1635,0.0019687263,0,0.9489550591,0.0021167828
Test_1636,0.0071359808,0,0.0867642015,0.0106685972
Test_1637,0.39821136,0,0.5383082628,0.0230331775
Test_1638,0.9650757313,0,0.0230107363,0.0072840992
Test_1639,0.0199809298,0,0.0114060482,0.6180625558
Test_1640,0.9953514338,0,0.0022693239,0.0020963862
Test_1641,0.0022194842,0,0.0020009391,0.9719368219
Test_1642,0.9981623292,0,0.0011603801,0.0005254493
Test_1643,1.46916208905168E-05,0,0.9999272823,5.65591165013757E-07
Test_1644,5.13211925863288E-05,0,0.9708404541,0.0001124235
Test_1645,6.59470697428333E-06,0,0.9999226332,5.90850106618746E-07
Test_1646,0.0009563067,0,0.991286099,0.0001209445
Test_1647,0.0035495693,0,0.9822233915,0.0011667906
Test_1648,3.59577570634428E-05,0,0.9439806938,0.0001392841
Test_1649,0.000008918,0,0.9997578263,1.15053571789758E-05
Test_1650,0.0008323294,0,0.9972368479,0.0001689816
Test_1651,0.6376728415,0,0.0216148719,0.2467844635
Test_1652,0.0001359689,0,0.9992832541,6.85908962623216E-05
Test_1653,0.0001026033,0,0.9133651853,0.0005272887
Test_1654,0.0350518897,0,0.6767652631,0.0269651804
Test_1655,5.36637562618125E-05,0,3.93479604099412E-06,0.9997888207
Test_1656,0.3257471323,0,0.590554893,0.003997447
Test_1657,0.9730665088,0,0.0007098479,0.0249825213
Test_1658,2.14656374737388E-05,0,0.993106544,3.64169063686859E-05
Test_1659,3.99561176891439E-05,0,0.9984473586,5.64328802283853E-05
Test_1660,0.0003496455,0,0.0001034012,0.9954321384
Test_1661,0.0151761947,0,0.9795970321,0.0034466607
Test_1662,0.9939608574,0,0.0017247569,0.0036390668
Test_1663,0.001116301,0,0.7927288413,0.0018633223
Test_1664,0.0094242962,0,0.0013313597,0.5317106247
Test_1665,0.0538725816,0,0.4863363206,0.0147922235
Test_1666,0.0032967555,0,0.791008234,0.0011725855
Test_1667,0.9171279669,0,0.0468176603,0.011486588
Test_1668,0.0007279974,0,2.106784222633E-06,0.9989305139
Test_1669,0.0004631024,0,0.412925303,0.0008140088
Test_1670,0.03767718,0,0.0998770744,0.3280653656
Test_1671,3.11348485411145E-05,0,0.9998694658,7.95817413745681E-06
Test_1672,0.018069068,0,0.0036949108,0.4224335849
Test_1673,0.0015365095,0,0.0002825711,0.9457341433
Test_1674,0.0003341283,0,0.0004070421,0.9886399508
Test_1675,0.9940698147,0,0.0040438506,0.0014857184
Test_1676,0.1295696497,0,0.0667612255,0.4465564191
Test_1677,0.01335329,0,0.0054651354,0.8584902883
Test_1678,0.0319886059,0,0.927000165,0.0029864216
Test_1679,0.0079327682,0,0.0067248936,0.3031386733
Test_1680,0.0027291037,0,0.0008411531,0.9458507895
Test_1681,0.0427527465,0,0.1940697432,0.6859436631
Test_1682,0.0027924038,0,0.1591511369,0.0043774894
Test_1683,0.0011076018,0,0.9605765343,0.0128187574
Test_1684,0.9947049022,0,0.0042432034,0.0006574581
Test_1685,0.999409914,0,0.0004004196,0.0001353896
Test_1686,0.9949141741,0,0.0028870809,0.0014691513
Test_1687,0.0049471715,0,0.0393900201,0.0125785694
Test_1688,1.84318669198547E-05,0,0.9999177456,6.48939430902828E-06
Test_1689,0.9986581802,0,0.0003154826,0.0007999522
Test_1690,0.9111571312,0,0.0002771439,0.0878440067
Test_1691,0.0003745172,0,0.0001250153,0.9919413328
Test_1692,3.55996089638211E-05,0,0.9996066689,8.39122492379829E-07
Test_1693,0.0001626098,0,0.0007136627,0.9978402853
Test_1694,0.0105249826,0,0.3810479939,0.0074576596
Test_1695,0.0008392637,0,0.9941570759,0.0004493122
Test_1696,0.3908462524,0,0.0551058576,0.1748813242
Test_1697,2.58553427556762E-06,0,0.9997847676,8.49630055199668E-07
Test_1698,0.0426747017,0,0.9361889958,0.0037197955
Test_1699,3.98062256863341E-05,0,2.83907775155967E-06,0.9996420145
Test_1700,0.9881094098,0,0.0095411381,0.0012288421
Test_1701,1.07376554296934E-05,0,0.9990758896,6.43708108327701E-06
Test_1702,0.0001461241,0,0.9923491478,0.0001220505
Test_1703,0.0330005288,0,0.9652981758,0.0006599909
Test_1704,0.9831925631,0,0.0105246631,0.0035842289
Test_1705,0.003975023,0,0.9938733578,0.0003397382
Test_1706,0.0130704828,0,0.001742632,0.9257777333
Test_1707,0.0026338946,0,0.9797021747,0.003504975
Test_1708,0.0021605799,0,0.7976491451,0.013421637
Test_1709,0.0093336226,0,0.3763312697,0.0114989225
Test_1710,7.68358440836891E-05,0,0.9999022484,3.72064982911979E-06
Test_1711,0.0982291177,0,0.027534347,0.6654502749
Test_1712,2.2873917259858E-05,0,0.9999382496,4.14782874713637E-07
Test_1713,3.42344537784811E-06,0,0.9996153116,3.88532353099436E-05
Test_1714,0.0111961821,0,0.3984273076,0.0192151293
Test_1715,0.000854358,0,0.0010589372,0.9940430522
Test_1716,0.9945176244,0,0.0018595429,0.0033952883
Test_1717,0.0010559349,0,0.0004566135,0.991239965
Test_1718,0.9621617198,0,0.0276024546,0.0043565235
Test_1719,5.15535657541477E-06,0,0.9999579191,1.05631397673278E-06
Test_1720,0.0053882604,0,0.9799860716,0.0018972782
Test_1721,0.0222722236,0,0.9595759511,0.0004582237
Test_1722,1.24668504213332E-05,0,0.9999629259,6.29267560725566E-07
Test_1723,0.0078812353,0,0.9823970795,0.0025583841
Test_1724,0.0004999595,0,0.9972164631,7.03774494468234E-05
Test_1725,0.000057743,0,0.9952315688,5.56753111595754E-05
Test_1726,0.1114156097,0,0.1198700666,0.610296011
Test_1727,0.9989507198,0,0.0007440784,0.0002460438
Test_1728,0.0059625986,0,0.0087253507,0.0147637175
Test_1729,0.0156151969,0,0.8573060632,0.0032753588
Test_1730,0.9993570447,0,0.00050724,0.0001054966
Test_1731,0.0005951672,0,0.9966890216,6.59036304568872E-05
Test_1732,7.98092787590576E-06,0,0.9998415709,0.000004393
Test_1733,0.3865799606,0,0.0188630726,0.3243261576
Test_1734,2.96142825391144E-05,0,0.9933085442,0.0001120586
Test_1735,0.0001829395,0,0.9942759871,0.0001422837
Test_1736,0.0014114029,0,0.9932137728,0.0003631068
Test_1737,0.0001480105,0,0.0003662742,0.9972935319
Test_1738,0.0053653414,0,0.0002012341,0.9908297062
Test_1739,0.0009959126,0,0.8718955517,0.0043700235
Test_1740,0.0001124967,0,0.9982249141,0.000014024
Test_1741,0.0046647866,0,0.0008354474,0.9687770009
Test_1742,0.0011088277,0,0.9692238569,0.0026591858
Test_1743,0.0057605072,0,0.8210210204,0.0045691798
Test_1744,0.002227484,0,0.9708322287,0.0033696562
Test_1745,0.0001025906,0,0.9996242523,3.92548536183312E-05
Test_1746,0.0060721212,0,0.0651118308,0.0160361417
Test_1747,0.2420985252,0,0.0067833299,0.3942019045
Test_1748,0.0004004756,0,0.7052883506,0.000518311
Test_1749,0.0004721212,0,0.8649166822,0.000637799
Test_1750,0.0012280795,0,0.0093092909,0.9865511656
Test_1751,0.0706731156,0,0.0001379866,0.9285005927
Test_1752,0.9868046045,0,0.0064307675,0.0055551426
Test_1753,0.998082757,0,0.0003594991,0.0011286678
Test_1754,0.9990488887,0,0.0005433832,0.0003221222
Test_1755,0.0025095469,0,0.6034529805,0.0039429395
Test_1756,0.0197752509,0,0.0917384326,0.1087866053
Test_1757,0.3409326673,0,0.0076335366,0.215456605
Test_1758,0.9998069406,0,3.63118597306311E-05,0.0001493019
Test_1759,0.0061365245,0,0.0008119888,0.9118320942
Test_1760,0.0358728096,0,0.420704037,0.0145357298
Test_1761,0.9986171722,0,0.0005752734,0.000623892
Test_1762,0.3216069043,0,0.0144308321,0.2896015048
Test_1763,1.86678607860813E-05,0,0.9989286065,0.000055273
Test_1764,2.66627612290904E-05,0,0.9999285936,2.08734945772449E-06
Test_1765,0.8783048391,0,0.0075540068,0.0552467667
Test_1766,0.2091176957,0,0.100028947,0.1261841506
Test_1767,5.46202209079638E-05,0,0.9998931885,9.18280420592055E-06
Test_1768,2.1367794033722E-05,0,0.9841304421,0.0001182376
Test_1769,0.9996664524,0,0.0002944264,3.64192528650165E-05
Test_1770,0.0012243181,0,0.0003714706,0.9870206714
Test_1771,0.0106820976,0,0.6678020954,0.0452949032
Test_1772,2.19084486161591E-05,0,0.9954227805,2.84106972685549E-05
Test_1773,4.94856139994226E-05,0,0.0001500409,0.9988613129
Test_1774,0.9993062019,0,0.0005487335,0.0001287775
Test_1775,0.0001234275,0,0.9948844314,0.0005870901
Test_1776,0.0174621176,0,0.002197681,0.8868466616
Test_1777,1.13593650894472E-05,0,0.9998707771,9.76020965026692E-06
Test_1778,0.9992425442,0,0.0003446788,0.0002589384
Test_1779,0.0009497516,0,0.7237457633,0.0013718342
Test_1780,0.047415074,0,0.8783763051,0.0035904422
Test_1781,0.0001123653,0,0.9562679529,0.0003885204
Test_1782,4.99112638863153E-06,0,0.9998823404,6.01247211307054E-06
Test_1783,0.024141144,0,0.9091848731,0.0177965146
Test_1784,1.10457276605302E-05,0,0.9998022914,5.75449303141795E-05
Test_1785,0.7176280022,0,0.0012481991,0.270889014
Test_1786,0.9684499502,0,0.014176338,0.0096029453
Test_1787,0.0023219211,0,0.001851805,0.9774128795
Test_1788,0.9511897564,0,0.0200684071,0.0138817038
Test_1789,0.9985182881,0,0.0004920985,0.0009146169
Test_1790,0.9993251562,0,0.000062413,0.000563914
Test_1791,0.9962139726,0,0.0031078202,0.000492082
Test_1792,0.0001887229,0,0.9993441701,1.01515834103338E-05
Test_1793,1.83365191332996E-05,0,0.9975066781,5.44071372132748E-05
Test_1794,0.0004594297,0,0.9954179525,0.0001302746
Test_1795,0.9964851141,0,0.0017300971,0.0013600275
Test_1796,4.89205303892959E-05,0,0.9936909676,0.0001702715
Test_1797,3.83713595510926E-05,0,0.999473989,0.0003407731
Test_1798,0.9971083999,0,0.0020687939,0.0004605195
Test_1799,0.0622450672,0,0.003429217,0.5215708613
Test_1800,0.995934844,0,0.0004009795,0.0034641044
Test_1801,0.0012602347,0,0.0035871419,0.0067552654
Test_1802,3.09943679894786E-05,0,0.9992966652,2.57083465839969E-05
Test_1803,0.0121565731,0,0.4563941956,0.0045129098
Test_1804,0.000316587,0,0.8922324777,0.0012557385
Test_1805,0.9992554784,0,0.0004087397,0.0002820585
Test_1806,0.0013783663,0,0.0004263774,0.853675127
Test_1807,0.9317145348,0,0.0028902474,0.0605509952
Test_1808,0.014801099,0,0.0017512023,0.96056813
Test_1809,0.9992361069,0,0.0006811709,5.45928633073345E-05
Test_1810,0.0013002271,0,0.1541456729,0.0031834857
Test_1811,0.9776076674,0,0.0107283676,0.0081643621
Test_1812,6.33153831586242E-06,0,0.9997649789,4.75949218525784E-06
Test_1813,0.0109176496,0,3.90305976907257E-05,0.9883028865
Test_1814,0.002753163,0,0.0310057141,0.0067043719
Test_1815,1.20333716040477E-05,0,0.9996669292,1.30915577756241E-05
Test_1816,1.69981849467149E-05,0,0.9997566342,1.50422038132092E-05
Test_1817,0.026348209,0,0.0098065929,0.1169841439
Test_1818,0.001517823,0,0.9937637448,4.46311714767944E-05
Test_1819,0.9988735318,0,0.0004009969,0.0006455516
Test_1820,0.0259377733,0,0.0079811718,0.4720856845
