,image_id,healthy,multiple_diseases,rust,scab,label
0,Train_0,0,0,0,1,3
1,Train_1,0,1,0,0,1
2,Train_2,1,0,0,0,0
3,Train_3,0,0,1,0,2
4,Train_4,1,0,0,0,0
5,Train_5,1,0,0,0,0
6,Train_6,0,1,0,0,1
7,Train_7,0,0,0,1,3
8,Train_8,0,0,0,1,3
9,Train_9,1,0,0,0,0
10,Train_10,0,0,1,0,2
11,Train_11,0,0,0,1,3
12,Train_12,0,0,0,1,3
13,Train_13,1,0,0,0,0
14,Train_14,0,0,1,0,2
15,Train_15,0,0,1,0,2
16,Train_16,0,0,0,1,3
17,Train_17,0,0,0,1,3
18,Train_18,1,0,0,0,0
19,Train_19,0,0,0,1,3
20,Train_20,0,0,0,1,3
21,Train_21,0,0,1,0,2
22,Train_22,0,0,0,1,3
23,Train_23,0,0,1,0,2
24,Train_24,1,0,0,0,0
25,Train_25,0,1,0,0,1
26,Train_26,0,0,1,0,2
27,Train_27,0,0,0,1,3
28,Train_28,0,0,0,1,3
29,Train_29,0,0,0,1,3
30,Train_30,0,0,0,1,3
31,Train_31,0,0,1,0,2
32,Train_32,0,0,0,1,3
33,Train_33,1,0,0,0,0
34,Train_34,0,0,1,0,2
35,Train_35,0,0,1,0,2
36,Train_36,0,1,0,0,1
37,Train_37,0,0,1,0,2
38,Train_38,0,0,1,0,2
39,Train_39,0,0,1,0,2
40,Train_40,0,0,0,1,3
41,Train_41,0,0,0,1,3
42,Train_42,0,0,0,1,3
43,Train_43,1,0,0,0,0
44,Train_44,0,0,0,1,3
45,Train_45,0,0,1,0,2
46,Train_46,1,0,0,0,0
47,Train_47,0,0,1,0,2
48,Train_48,0,0,0,1,3
49,Train_49,0,0,0,1,3
50,Train_50,0,0,1,0,2
51,Train_51,0,0,0,1,3
52,Train_52,0,0,0,1,3
53,Train_53,1,0,0,0,0
54,Train_54,1,0,0,0,0
55,Train_55,1,0,0,0,0
56,Train_56,0,0,0,1,3
57,Train_57,0,0,1,0,2
58,Train_58,0,0,1,0,2
59,Train_59,0,0,1,0,2
60,Train_60,0,0,1,0,2
61,Train_61,0,0,0,1,3
62,Train_62,0,1,0,0,1
63,Train_63,1,0,0,0,0
64,Train_64,0,0,1,0,2
65,Train_65,0,0,0,1,3
66,Train_66,1,0,0,0,0
67,Train_67,1,0,0,0,0
68,Train_68,1,0,0,0,0
69,Train_69,0,0,1,0,2
70,Train_70,1,0,0,0,0
71,Train_71,0,0,1,0,2
72,Train_72,1,0,0,0,0
73,Train_73,0,0,0,1,3
74,Train_74,0,1,0,0,1
75,Train_75,0,0,1,0,2
76,Train_76,0,0,0,1,3
77,Train_77,1,0,0,0,0
78,Train_78,0,0,0,1,3
79,Train_79,0,0,0,1,3
80,Train_80,0,0,0,1,3
81,Train_81,0,0,1,0,2
82,Train_82,0,0,1,0,2
83,Train_83,0,0,0,1,3
84,Train_84,0,0,0,1,3
85,Train_85,0,0,0,1,3
86,Train_86,1,0,0,0,0
87,Train_87,0,0,1,0,2
88,Train_88,1,0,0,0,0
89,Train_89,0,0,1,0,2
90,Train_90,1,0,0,0,0
91,Train_91,0,0,0,1,3
92,Train_92,0,0,1,0,2
93,Train_93,0,0,1,0,2
94,Train_94,1,0,0,0,0
95,Train_95,0,1,0,0,1
96,Train_96,0,0,1,0,2
97,Train_97,0,0,1,0,2
98,Train_98,0,0,1,0,2
99,Train_99,1,0,0,0,0
100,Train_100,1,0,0,0,0
101,Train_101,0,0,0,1,3
102,Train_102,0,0,1,0,2
103,Train_103,1,0,0,0,0
104,Train_104,0,1,0,0,1
105,Train_105,1,0,0,0,0
106,Train_106,0,0,0,1,3
107,Train_107,0,0,0,1,3
108,Train_108,0,0,1,0,2
109,Train_109,0,0,1,0,2
110,Train_110,0,0,0,1,3
111,Train_111,1,0,0,0,0
112,Train_112,0,0,0,1,3
113,Train_113,0,1,0,0,1
114,Train_114,0,0,1,0,2
115,Train_115,0,0,1,0,2
116,Train_116,0,0,0,1,3
117,Train_117,0,0,1,0,2
118,Train_118,0,0,1,0,2
119,Train_119,0,0,0,1,3
120,Train_120,0,0,1,0,2
121,Train_121,0,0,1,0,2
122,Train_122,0,1,0,0,1
123,Train_123,1,0,0,0,0
124,Train_124,0,0,1,0,2
125,Train_125,0,0,0,1,3
126,Train_126,0,0,1,0,2
127,Train_127,0,0,0,1,3
128,Train_128,0,1,0,0,1
129,Train_129,0,0,1,0,2
130,Train_130,0,0,0,1,3
131,Train_131,0,0,1,0,2
132,Train_132,0,0,1,0,2
133,Train_133,0,0,1,0,2
134,Train_134,1,0,0,0,0
135,Train_135,1,0,0,0,0
136,Train_136,1,0,0,0,0
137,Train_137,1,0,0,0,0
138,Train_138,0,0,0,1,3
139,Train_139,0,0,1,0,2
140,Train_140,0,0,0,1,3
141,Train_141,0,0,1,0,2
142,Train_142,0,0,0,1,3
143,Train_143,0,0,0,1,3
144,Train_144,1,0,0,0,0
145,Train_145,0,0,0,1,3
146,Train_146,1,0,0,0,0
147,Train_147,0,0,0,1,3
148,Train_148,0,0,1,0,2
149,Train_149,0,0,0,1,3
150,Train_150,0,0,0,1,3
151,Train_151,1,0,0,0,0
152,Train_152,0,0,0,1,3
153,Train_153,0,0,0,1,3
154,Train_154,0,0,0,1,3
155,Train_155,0,0,0,1,3
156,Train_156,0,0,1,0,2
157,Train_157,0,0,1,0,2
158,Train_158,0,0,0,1,3
159,Train_159,0,0,1,0,2
160,Train_160,0,0,0,1,3
161,Train_161,0,0,0,1,3
162,Train_162,1,0,0,0,0
163,Train_163,0,0,0,1,3
164,Train_164,0,0,1,0,2
165,Train_165,0,0,1,0,2
166,Train_166,0,0,0,1,3
167,Train_167,1,0,0,0,0
168,Train_168,0,0,0,1,3
169,Train_169,0,0,0,1,3
170,Train_170,0,1,0,0,1
171,Train_171,0,0,1,0,2
172,Train_172,0,0,0,1,3
173,Train_173,0,0,0,1,3
174,Train_174,1,0,0,0,0
175,Train_175,1,0,0,0,0
176,Train_176,0,0,0,1,3
177,Train_177,0,0,0,1,3
178,Train_178,0,0,1,0,2
179,Train_179,1,0,0,0,0
180,Train_180,0,1,0,0,1
181,Train_181,0,0,1,0,2
182,Train_182,0,0,0,1,3
183,Train_183,0,0,1,0,2
184,Train_184,0,0,1,0,2
185,Train_185,0,0,0,1,3
186,Train_186,0,0,0,1,3
187,Train_187,0,0,1,0,2
188,Train_188,0,0,1,0,2
189,Train_189,0,0,0,1,3
190,Train_190,0,0,0,1,3
191,Train_191,0,0,0,1,3
192,Train_192,0,0,0,1,3
193,Train_193,0,0,1,0,2
194,Train_194,0,0,1,0,2
195,Train_195,1,0,0,0,0
196,Train_196,0,0,0,1,3
197,Train_197,0,0,0,1,3
198,Train_198,1,0,0,0,0
199,Train_199,1,0,0,0,0
200,Train_200,0,0,0,1,3
201,Train_201,1,0,0,0,0
202,Train_202,0,0,1,0,2
203,Train_203,0,0,0,1,3
204,Train_204,0,0,0,1,3
205,Train_205,0,0,1,0,2
206,Train_206,0,0,1,0,2
207,Train_207,0,0,0,1,3
208,Train_208,0,0,1,0,2
209,Train_209,0,0,0,1,3
210,Train_210,0,0,0,1,3
211,Train_211,0,0,0,1,3
212,Train_212,0,0,1,0,2
213,Train_213,1,0,0,0,0
214,Train_214,0,0,0,1,3
215,Train_215,1,0,0,0,0
216,Train_216,0,0,0,1,3
217,Train_217,0,0,0,1,3
218,Train_218,0,0,1,0,2
219,Train_219,1,0,0,0,0
220,Train_220,1,0,0,0,0
221,Train_221,1,0,0,0,0
222,Train_222,0,0,0,1,3
223,Train_223,0,0,1,0,2
224,Train_224,1,0,0,0,0
225,Train_225,0,0,1,0,2
226,Train_226,0,0,1,0,2
227,Train_227,1,0,0,0,0
228,Train_228,0,0,1,0,2
229,Train_229,0,0,0,1,3
230,Train_230,0,0,0,1,3
231,Train_231,0,1,0,0,1
232,Train_232,0,0,0,1,3
233,Train_233,0,0,1,0,2
234,Train_234,0,0,0,1,3
235,Train_235,0,0,0,1,3
236,Train_236,0,0,1,0,2
237,Train_237,0,1,0,0,1
238,Train_238,1,0,0,0,0
239,Train_239,0,0,0,1,3
240,Train_240,0,0,1,0,2
241,Train_241,0,0,1,0,2
242,Train_242,0,0,0,1,3
243,Train_243,0,0,0,1,3
244,Train_244,0,0,1,0,2
245,Train_245,0,1,0,0,1
246,Train_246,1,0,0,0,0
247,Train_247,1,0,0,0,0
248,Train_248,1,0,0,0,0
249,Train_249,1,0,0,0,0
250,Train_250,0,0,0,1,3
251,Train_251,0,0,0,1,3
252,Train_252,0,0,0,1,3
253,Train_253,0,0,0,1,3
254,Train_254,0,0,1,0,2
255,Train_255,0,0,0,1,3
256,Train_256,0,0,0,1,3
257,Train_257,1,0,0,0,0
258,Train_258,0,0,0,1,3
259,Train_259,0,0,1,0,2
260,Train_260,0,0,0,1,3
261,Train_261,1,0,0,0,0
262,Train_262,0,0,0,1,3
263,Train_263,1,0,0,0,0
264,Train_264,1,0,0,0,0
265,Train_265,1,0,0,0,0
266,Train_266,1,0,0,0,0
267,Train_267,0,0,0,1,3
268,Train_268,0,0,0,1,3
269,Train_269,0,0,1,0,2
270,Train_270,0,0,0,1,3
271,Train_271,1,0,0,0,0
272,Train_272,0,0,0,1,3
273,Train_273,1,0,0,0,0
274,Train_274,0,0,1,0,2
275,Train_275,0,0,1,0,2
276,Train_276,0,0,0,1,3
277,Train_277,0,0,1,0,2
278,Train_278,1,0,0,0,0
279,Train_279,0,0,1,0,2
280,Train_280,0,0,0,1,3
281,Train_281,0,0,0,1,3
282,Train_282,1,0,0,0,0
283,Train_283,0,0,0,1,3
284,Train_284,0,0,1,0,2
285,Train_285,0,0,1,0,2
286,Train_286,0,0,1,0,2
287,Train_287,1,0,0,0,0
288,Train_288,0,0,1,0,2
289,Train_289,0,0,1,0,2
290,Train_290,0,0,0,1,3
291,Train_291,1,0,0,0,0
292,Train_292,0,0,0,1,3
293,Train_293,0,0,0,1,3
294,Train_294,0,0,1,0,2
295,Train_295,1,0,0,0,0
296,Train_296,0,0,0,1,3
297,Train_297,0,0,0,1,3
298,Train_298,1,0,0,0,0
299,Train_299,0,0,1,0,2
300,Train_300,1,0,0,0,0
301,Train_301,0,0,1,0,2
302,Train_302,0,0,1,0,2
303,Train_303,0,0,0,1,3
304,Train_304,1,0,0,0,0
305,Train_305,0,0,0,1,3
306,Train_306,0,1,0,0,1
307,Train_307,1,0,0,0,0
308,Train_308,0,0,0,1,3
309,Train_309,0,0,0,1,3
310,Train_310,0,0,0,1,3
311,Train_311,1,0,0,0,0
312,Train_312,0,0,0,1,3
313,Train_313,0,0,1,0,2
314,Train_314,0,0,1,0,2
315,Train_315,0,0,0,1,3
316,Train_316,0,0,0,1,3
317,Train_317,1,0,0,0,0
318,Train_318,0,0,1,0,2
319,Train_319,0,0,0,1,3
320,Train_320,1,0,0,0,0
321,Train_321,0,0,1,0,2
322,Train_322,0,0,1,0,2
323,Train_323,0,0,1,0,2
324,Train_324,0,0,0,1,3
325,Train_325,0,0,0,1,3
326,Train_326,0,0,0,1,3
327,Train_327,0,0,1,0,2
328,Train_328,0,0,1,0,2
329,Train_329,1,0,0,0,0
330,Train_330,1,0,0,0,0
331,Train_331,0,0,1,0,2
332,Train_332,0,0,0,1,3
333,Train_333,0,0,1,0,2
334,Train_334,0,0,1,0,2
335,Train_335,1,0,0,0,0
336,Train_336,0,1,0,0,1
337,Train_337,1,0,0,0,0
338,Train_338,0,1,0,0,1
339,Train_339,1,0,0,0,0
340,Train_340,0,0,1,0,2
341,Train_341,0,0,1,0,2
342,Train_342,0,0,1,0,2
343,Train_343,0,0,0,1,3
344,Train_344,0,0,1,0,2
345,Train_345,0,0,1,0,2
346,Train_346,0,0,1,0,2
347,Train_347,0,0,1,0,2
348,Train_348,1,0,0,0,0
349,Train_349,0,0,0,1,3
350,Train_350,0,0,1,0,2
351,Train_351,0,0,1,0,2
352,Train_352,0,0,0,1,3
353,Train_353,0,0,0,1,3
354,Train_354,0,0,0,1,3
355,Train_355,0,0,0,1,3
356,Train_356,1,0,0,0,0
357,Train_357,1,0,0,0,0
358,Train_358,0,0,0,1,3
359,Train_359,1,0,0,0,0
360,Train_360,1,0,0,0,0
361,Train_361,0,0,0,1,3
362,Train_362,0,0,0,1,3
363,Train_363,0,1,0,0,1
364,Train_364,0,0,0,1,3
365,Train_365,1,0,0,0,0
366,Train_366,1,0,0,0,0
367,Train_367,1,0,0,0,0
368,Train_368,0,0,1,0,2
369,Train_369,0,0,1,0,2
370,Train_370,0,0,0,1,3
371,Train_371,0,0,1,0,2
372,Train_372,0,0,0,1,3
373,Train_373,1,0,0,0,0
374,Train_374,0,0,0,1,3
375,Train_375,1,0,0,0,0
376,Train_376,1,0,0,0,0
377,Train_377,0,0,0,1,3
378,Train_378,1,0,0,0,0
379,Train_379,0,0,0,1,3
380,Train_380,1,0,0,0,0
381,Train_381,0,0,0,1,3
382,Train_382,0,0,0,1,3
383,Train_383,1,0,0,0,0
384,Train_384,0,0,1,0,2
385,Train_385,0,0,1,0,2
386,Train_386,0,0,1,0,2
387,Train_387,0,0,1,0,2
388,Train_388,0,0,0,1,3
389,Train_389,1,0,0,0,0
390,Train_390,0,0,1,0,2
391,Train_391,0,1,0,0,1
392,Train_392,1,0,0,0,0
393,Train_393,1,0,0,0,0
394,Train_394,0,0,1,0,2
395,Train_395,0,1,0,0,1
396,Train_396,1,0,0,0,0
397,Train_397,1,0,0,0,0
398,Train_398,0,0,0,1,3
399,Train_399,0,1,0,0,1
400,Train_400,0,0,0,1,3
401,Train_401,0,0,0,1,3
402,Train_402,0,0,1,0,2
403,Train_403,0,0,1,0,2
404,Train_404,1,0,0,0,0
405,Train_405,1,0,0,0,0
406,Train_406,1,0,0,0,0
407,Train_407,1,0,0,0,0
408,Train_408,0,0,1,0,2
409,Train_409,0,0,0,1,3
410,Train_410,0,0,1,0,2
411,Train_411,0,0,1,0,2
412,Train_412,1,0,0,0,0
413,Train_413,0,0,1,0,2
414,Train_414,0,0,0,1,3
415,Train_415,1,0,0,0,0
416,Train_416,0,0,1,0,2
417,Train_417,1,0,0,0,0
418,Train_418,0,1,0,0,1
419,Train_419,0,0,0,1,3
420,Train_420,1,0,0,0,0
421,Train_421,1,0,0,0,0
422,Train_422,0,0,1,0,2
423,Train_423,0,0,0,1,3
424,Train_424,0,0,0,1,3
425,Train_425,1,0,0,0,0
426,Train_426,0,0,1,0,2
427,Train_427,1,0,0,0,0
428,Train_428,0,1,0,0,1
429,Train_429,0,0,0,1,3
430,Train_430,1,0,0,0,0
431,Train_431,0,0,0,1,3
432,Train_432,1,0,0,0,0
433,Train_433,1,0,0,0,0
434,Train_434,0,0,1,0,2
435,Train_435,0,0,1,0,2
436,Train_436,0,1,0,0,1
437,Train_437,0,0,0,1,3
438,Train_438,1,0,0,0,0
439,Train_439,1,0,0,0,0
440,Train_440,0,0,1,0,2
441,Train_441,0,0,1,0,2
442,Train_442,0,0,0,1,3
443,Train_443,1,0,0,0,0
444,Train_444,1,0,0,0,0
445,Train_445,0,0,1,0,2
446,Train_446,1,0,0,0,0
447,Train_447,0,0,1,0,2
448,Train_448,1,0,0,0,0
449,Train_449,0,0,0,1,3
450,Train_450,1,0,0,0,0
451,Train_451,0,0,1,0,2
452,Train_452,1,0,0,0,0
453,Train_453,0,0,1,0,2
454,Train_454,0,0,0,1,3
455,Train_455,0,0,1,0,2
456,Train_456,0,0,1,0,2
457,Train_457,0,0,0,1,3
458,Train_458,0,0,1,0,2
459,Train_459,0,0,0,1,3
460,Train_460,1,0,0,0,0
461,Train_461,0,0,1,0,2
462,Train_462,0,0,1,0,2
463,Train_463,0,0,0,1,3
464,Train_464,0,0,1,0,2
465,Train_465,0,0,1,0,2
466,Train_466,1,0,0,0,0
467,Train_467,0,0,1,0,2
468,Train_468,0,0,1,0,2
469,Train_469,0,0,1,0,2
470,Train_470,0,0,0,1,3
471,Train_471,0,0,0,1,3
472,Train_472,0,0,1,0,2
473,Train_473,0,0,0,1,3
474,Train_474,1,0,0,0,0
475,Train_475,1,0,0,0,0
476,Train_476,1,0,0,0,0
477,Train_477,0,0,0,1,3
478,Train_478,1,0,0,0,0
479,Train_479,0,0,1,0,2
480,Train_480,0,1,0,0,1
481,Train_481,0,0,1,0,2
482,Train_482,0,0,1,0,2
483,Train_483,0,0,1,0,2
484,Train_484,0,1,0,0,1
485,Train_485,0,0,1,0,2
486,Train_486,0,0,1,0,2
487,Train_487,0,0,1,0,2
488,Train_488,1,0,0,0,0
489,Train_489,0,0,0,1,3
490,Train_490,0,0,0,1,3
491,Train_491,1,0,0,0,0
492,Train_492,0,0,1,0,2
493,Train_493,0,1,0,0,1
494,Train_494,0,0,0,1,3
495,Train_495,0,0,1,0,2
496,Train_496,1,0,0,0,0
497,Train_497,0,0,1,0,2
498,Train_498,0,0,0,1,3
499,Train_499,0,0,1,0,2
500,Train_500,0,0,1,0,2
501,Train_501,0,0,1,0,2
502,Train_502,1,0,0,0,0
503,Train_503,0,0,0,1,3
504,Train_504,0,0,1,0,2
505,Train_505,0,0,0,1,3
506,Train_506,0,0,1,0,2
507,Train_507,0,0,1,0,2
508,Train_508,0,0,1,0,2
509,Train_509,0,0,1,0,2
510,Train_510,0,0,1,0,2
511,Train_511,0,0,1,0,2
512,Train_512,0,0,1,0,2
513,Train_513,0,0,1,0,2
514,Train_514,0,0,1,0,2
515,Train_515,0,0,1,0,2
516,Train_516,0,0,1,0,2
517,Train_517,0,1,0,0,1
518,Train_518,0,0,1,0,2
519,Train_519,0,0,1,0,2
520,Train_520,0,0,0,1,3
521,Train_521,0,0,0,1,3
522,Train_522,0,0,1,0,2
523,Train_523,0,0,1,0,2
524,Train_524,0,0,0,1,3
525,Train_525,1,0,0,0,0
526,Train_526,1,0,0,0,0
527,Train_527,0,0,0,1,3
528,Train_528,0,0,0,1,3
529,Train_529,1,0,0,0,0
530,Train_530,0,0,0,1,3
531,Train_531,1,0,0,0,0
532,Train_532,1,0,0,0,0
533,Train_533,0,0,1,0,2
534,Train_534,0,0,1,0,2
535,Train_535,0,1,0,0,1
536,Train_536,0,0,1,0,2
537,Train_537,1,0,0,0,0
538,Train_538,0,0,0,1,3
539,Train_539,0,0,1,0,2
540,Train_540,0,0,0,1,3
541,Train_541,0,0,1,0,2
542,Train_542,0,0,1,0,2
543,Train_543,0,1,0,0,1
544,Train_544,1,0,0,0,0
545,Train_545,1,0,0,0,0
546,Train_546,1,0,0,0,0
547,Train_547,1,0,0,0,0
548,Train_548,0,0,0,1,3
549,Train_549,0,0,1,0,2
550,Train_550,1,0,0,0,0
551,Train_551,1,0,0,0,0
552,Train_552,0,0,0,1,3
553,Train_553,0,0,1,0,2
554,Train_554,0,0,1,0,2
555,Train_555,0,0,0,1,3
556,Train_556,0,0,0,1,3
557,Train_557,0,0,1,0,2
558,Train_558,1,0,0,0,0
559,Train_559,0,0,0,1,3
560,Train_560,0,0,1,0,2
561,Train_561,0,0,0,1,3
562,Train_562,1,0,0,0,0
563,Train_563,0,1,0,0,1
564,Train_564,0,0,1,0,2
565,Train_565,0,0,0,1,3
566,Train_566,1,0,0,0,0
567,Train_567,0,0,1,0,2
568,Train_568,0,0,0,1,3
569,Train_569,1,0,0,0,0
570,Train_570,0,0,0,1,3
571,Train_571,0,0,1,0,2
572,Train_572,1,0,0,0,0
573,Train_573,1,0,0,0,0
574,Train_574,0,0,1,0,2
575,Train_575,0,0,1,0,2
576,Train_576,0,0,0,1,3
577,Train_577,0,0,1,0,2
578,Train_578,0,0,1,0,2
579,Train_579,1,0,0,0,0
580,Train_580,0,0,1,0,2
581,Train_581,0,0,0,1,3
582,Train_582,0,0,1,0,2
583,Train_583,0,0,0,1,3
584,Train_584,0,0,1,0,2
585,Train_585,0,0,1,0,2
586,Train_586,0,0,1,0,2
587,Train_587,1,0,0,0,0
588,Train_588,0,0,1,0,2
589,Train_589,0,0,0,1,3
590,Train_590,0,0,1,0,2
591,Train_591,1,0,0,0,0
592,Train_592,1,0,0,0,0
593,Train_593,0,0,0,1,3
594,Train_594,0,0,1,0,2
595,Train_595,1,0,0,0,0
596,Train_596,0,0,1,0,2
597,Train_597,1,0,0,0,0
598,Train_598,0,0,1,0,2
599,Train_599,0,0,0,1,3
600,Train_600,0,0,0,1,3
601,Train_601,1,0,0,0,0
602,Train_602,0,1,0,0,1
603,Train_603,1,0,0,0,0
604,Train_604,0,0,0,1,3
605,Train_605,1,0,0,0,0
606,Train_606,0,0,1,0,2
607,Train_607,0,0,1,0,2
608,Train_608,0,0,1,0,2
609,Train_609,0,0,1,0,2
610,Train_610,0,0,1,0,2
611,Train_611,0,0,1,0,2
612,Train_612,0,0,1,0,2
613,Train_613,0,0,1,0,2
614,Train_614,0,0,0,1,3
615,Train_615,0,0,1,0,2
616,Train_616,1,0,0,0,0
617,Train_617,0,0,0,1,3
618,Train_618,1,0,0,0,0
619,Train_619,1,0,0,0,0
620,Train_620,0,0,1,0,2
621,Train_621,1,0,0,0,0
622,Train_622,1,0,0,0,0
623,Train_623,0,0,1,0,2
624,Train_624,0,0,0,1,3
625,Train_625,0,0,0,1,3
626,Train_626,1,0,0,0,0
627,Train_627,0,0,1,0,2
628,Train_628,0,0,0,1,3
629,Train_629,0,1,0,0,1
630,Train_630,1,0,0,0,0
631,Train_631,0,0,0,1,3
632,Train_632,0,0,1,0,2
633,Train_633,0,0,1,0,2
634,Train_634,0,0,1,0,2
635,Train_635,1,0,0,0,0
636,Train_636,0,0,0,1,3
637,Train_637,1,0,0,0,0
638,Train_638,0,0,0,1,3
639,Train_639,0,0,1,0,2
640,Train_640,0,0,1,0,2
641,Train_641,0,0,0,1,3
642,Train_642,1,0,0,0,0
643,Train_643,0,0,1,0,2
644,Train_644,1,0,0,0,0
645,Train_645,0,1,0,0,1
646,Train_646,1,0,0,0,0
647,Train_647,0,0,1,0,2
648,Train_648,1,0,0,0,0
649,Train_649,0,0,0,1,3
650,Train_650,1,0,0,0,0
651,Train_651,0,0,0,1,3
652,Train_652,0,0,1,0,2
653,Train_653,0,0,0,1,3
654,Train_654,0,0,1,0,2
655,Train_655,0,0,0,1,3
656,Train_656,0,0,1,0,2
657,Train_657,1,0,0,0,0
658,Train_658,0,0,0,1,3
659,Train_659,0,0,0,1,3
660,Train_660,1,0,0,0,0
661,Train_661,0,0,0,1,3
662,Train_662,0,0,0,1,3
663,Train_663,0,0,0,1,3
664,Train_664,0,0,0,1,3
665,Train_665,1,0,0,0,0
666,Train_666,0,0,1,0,2
667,Train_667,0,0,1,0,2
668,Train_668,0,0,1,0,2
669,Train_669,0,0,0,1,3
670,Train_670,0,0,1,0,2
671,Train_671,1,0,0,0,0
672,Train_672,0,0,1,0,2
673,Train_673,0,0,0,1,3
674,Train_674,0,0,0,1,3
675,Train_675,1,0,0,0,0
676,Train_676,1,0,0,0,0
677,Train_677,0,0,0,1,3
678,Train_678,1,0,0,0,0
679,Train_679,1,0,0,0,0
680,Train_680,0,0,0,1,3
681,Train_681,0,0,0,1,3
682,Train_682,0,1,0,0,1
683,Train_683,0,0,1,0,2
684,Train_684,1,0,0,0,0
685,Train_685,1,0,0,0,0
686,Train_686,0,0,0,1,3
687,Train_687,0,0,1,0,2
688,Train_688,0,0,0,1,3
689,Train_689,0,0,1,0,2
690,Train_690,0,0,1,0,2
691,Train_691,1,0,0,0,0
692,Train_692,0,0,0,1,3
693,Train_693,0,0,1,0,2
694,Train_694,1,0,0,0,0
695,Train_695,0,0,1,0,2
696,Train_696,0,0,0,1,3
697,Train_697,0,0,1,0,2
698,Train_698,0,0,0,1,3
699,Train_699,0,0,0,1,3
700,Train_700,0,0,1,0,2
701,Train_701,1,0,0,0,0
702,Train_702,0,1,0,0,1
703,Train_703,1,0,0,0,0
704,Train_704,1,0,0,0,0
705,Train_705,0,0,1,0,2
706,Train_706,0,0,1,0,2
707,Train_707,0,0,1,0,2
708,Train_708,0,0,0,1,3
709,Train_709,0,0,0,1,3
710,Train_710,1,0,0,0,0
711,Train_711,1,0,0,0,0
712,Train_712,0,0,1,0,2
713,Train_713,0,0,0,1,3
714,Train_714,0,0,1,0,2
715,Train_715,0,0,1,0,2
716,Train_716,0,0,0,1,3
717,Train_717,0,0,0,1,3
718,Train_718,0,0,1,0,2
719,Train_719,0,0,1,0,2
720,Train_720,1,0,0,0,0
721,Train_721,0,0,0,1,3
722,Train_722,0,0,1,0,2
723,Train_723,0,0,0,1,3
724,Train_724,0,0,1,0,2
725,Train_725,1,0,0,0,0
726,Train_726,0,0,1,0,2
727,Train_727,0,0,0,1,3
728,Train_728,0,0,1,0,2
729,Train_729,0,0,0,1,3
730,Train_730,1,0,0,0,0
731,Train_731,1,0,0,0,0
732,Train_732,0,1,0,0,1
733,Train_733,0,0,0,1,3
734,Train_734,0,0,1,0,2
735,Train_735,0,0,1,0,2
736,Train_736,0,0,0,1,3
737,Train_737,1,0,0,0,0
738,Train_738,0,0,1,0,2
739,Train_739,0,0,1,0,2
740,Train_740,0,0,0,1,3
741,Train_741,0,0,1,0,2
742,Train_742,0,0,1,0,2
743,Train_743,0,0,1,0,2
744,Train_744,0,0,1,0,2
745,Train_745,0,0,1,0,2
746,Train_746,1,0,0,0,0
747,Train_747,1,0,0,0,0
748,Train_748,0,0,0,1,3
749,Train_749,0,0,1,0,2
750,Train_750,0,0,1,0,2
751,Train_751,0,0,0,1,3
752,Train_752,1,0,0,0,0
753,Train_753,1,0,0,0,0
754,Train_754,0,1,0,0,1
755,Train_755,1,0,0,0,0
756,Train_756,0,0,0,1,3
757,Train_757,0,0,0,1,3
758,Train_758,0,0,0,1,3
759,Train_759,0,0,1,0,2
760,Train_760,0,0,1,0,2
761,Train_761,1,0,0,0,0
762,Train_762,0,1,0,0,1
763,Train_763,0,0,1,0,2
764,Train_764,0,0,1,0,2
765,Train_765,0,0,0,1,3
766,Train_766,0,0,1,0,2
767,Train_767,0,0,1,0,2
768,Train_768,1,0,0,0,0
769,Train_769,1,0,0,0,0
770,Train_770,0,0,0,1,3
771,Train_771,0,0,0,1,3
772,Train_772,1,0,0,0,0
773,Train_773,1,0,0,0,0
774,Train_774,1,0,0,0,0
775,Train_775,0,0,0,1,3
776,Train_776,1,0,0,0,0
777,Train_777,1,0,0,0,0
778,Train_778,0,0,1,0,2
779,Train_779,0,0,1,0,2
780,Train_780,0,0,0,1,3
781,Train_781,1,0,0,0,0
782,Train_782,1,0,0,0,0
783,Train_783,0,0,0,1,3
784,Train_784,0,0,1,0,2
785,Train_785,0,0,0,1,3
786,Train_786,1,0,0,0,0
787,Train_787,0,0,0,1,3
788,Train_788,1,0,0,0,0
789,Train_789,0,0,1,0,2
790,Train_790,0,0,1,0,2
791,Train_791,1,0,0,0,0
792,Train_792,0,0,0,1,3
793,Train_793,0,0,0,1,3
794,Train_794,1,0,0,0,0
795,Train_795,0,0,0,1,3
796,Train_796,0,0,1,0,2
797,Train_797,0,0,0,1,3
798,Train_798,0,0,1,0,2
799,Train_799,0,0,1,0,2
800,Train_800,1,0,0,0,0
801,Train_801,1,0,0,0,0
802,Train_802,1,0,0,0,0
803,Train_803,0,0,0,1,3
804,Train_804,0,0,1,0,2
805,Train_805,1,0,0,0,0
806,Train_806,0,0,0,1,3
807,Train_807,1,0,0,0,0
808,Train_808,0,0,0,1,3
809,Train_809,1,0,0,0,0
810,Train_810,0,0,0,1,3
811,Train_811,1,0,0,0,0
812,Train_812,1,0,0,0,0
813,Train_813,0,0,0,1,3
814,Train_814,0,0,1,0,2
815,Train_815,1,0,0,0,0
816,Train_816,0,0,1,0,2
817,Train_817,1,0,0,0,0
818,Train_818,0,0,0,1,3
819,Train_819,0,0,0,1,3
820,Train_820,0,0,0,1,3
821,Train_821,0,0,1,0,2
822,Train_822,0,0,1,0,2
823,Train_823,0,0,0,1,3
824,Train_824,0,0,0,1,3
825,Train_825,0,0,1,0,2
826,Train_826,1,0,0,0,0
827,Train_827,0,0,1,0,2
828,Train_828,0,0,1,0,2
829,Train_829,0,0,1,0,2
830,Train_830,0,0,1,0,2
831,Train_831,0,0,0,1,3
832,Train_832,0,0,1,0,2
833,Train_833,1,0,0,0,0
834,Train_834,1,0,0,0,0
835,Train_835,1,0,0,0,0
836,Train_836,0,0,1,0,2
837,Train_837,0,0,1,0,2
838,Train_838,0,0,0,1,3
839,Train_839,1,0,0,0,0
840,Train_840,0,0,1,0,2
841,Train_841,0,0,1,0,2
842,Train_842,0,0,0,1,3
843,Train_843,0,0,1,0,2
844,Train_844,0,0,0,1,3
845,Train_845,0,0,0,1,3
846,Train_846,0,0,0,1,3
847,Train_847,0,0,1,0,2
848,Train_848,0,0,1,0,2
849,Train_849,1,0,0,0,0
850,Train_850,1,0,0,0,0
851,Train_851,0,0,0,1,3
852,Train_852,0,0,1,0,2
853,Train_853,0,0,1,0,2
854,Train_854,0,0,0,1,3
855,Train_855,0,0,1,0,2
856,Train_856,0,0,0,1,3
857,Train_857,0,1,0,0,1
858,Train_858,0,0,0,1,3
859,Train_859,0,0,0,1,3
860,Train_860,0,0,1,0,2
861,Train_861,0,0,0,1,3
862,Train_862,0,0,0,1,3
863,Train_863,1,0,0,0,0
864,Train_864,1,0,0,0,0
865,Train_865,0,0,1,0,2
866,Train_866,1,0,0,0,0
867,Train_867,0,0,1,0,2
868,Train_868,0,0,0,1,3
869,Train_869,0,0,0,1,3
870,Train_870,0,0,0,1,3
871,Train_871,0,0,0,1,3
872,Train_872,1,0,0,0,0
873,Train_873,0,0,1,0,2
874,Train_874,0,0,1,0,2
875,Train_875,0,0,1,0,2
876,Train_876,0,0,1,0,2
877,Train_877,1,0,0,0,0
878,Train_878,0,0,0,1,3
879,Train_879,0,0,0,1,3
880,Train_880,1,0,0,0,0
881,Train_881,1,0,0,0,0
882,Train_882,1,0,0,0,0
883,Train_883,0,0,0,1,3
884,Train_884,0,0,1,0,2
885,Train_885,1,0,0,0,0
886,Train_886,0,1,0,0,1
887,Train_887,1,0,0,0,0
888,Train_888,0,0,1,0,2
889,Train_889,0,0,1,0,2
890,Train_890,1,0,0,0,0
891,Train_891,0,0,0,1,3
892,Train_892,0,0,1,0,2
893,Train_893,1,0,0,0,0
894,Train_894,0,0,0,1,3
895,Train_895,1,0,0,0,0
896,Train_896,1,0,0,0,0
897,Train_897,1,0,0,0,0
898,Train_898,0,0,0,1,3
899,Train_899,0,0,0,1,3
900,Train_900,0,0,1,0,2
901,Train_901,1,0,0,0,0
902,Train_902,0,0,0,1,3
903,Train_903,1,0,0,0,0
904,Train_904,0,0,0,1,3
905,Train_905,0,1,0,0,1
906,Train_906,0,0,0,1,3
907,Train_907,1,0,0,0,0
908,Train_908,1,0,0,0,0
909,Train_909,1,0,0,0,0
910,Train_910,0,0,1,0,2
911,Train_911,0,0,1,0,2
912,Train_912,0,0,1,0,2
913,Train_913,0,0,1,0,2
914,Train_914,1,0,0,0,0
915,Train_915,1,0,0,0,0
916,Train_916,0,0,1,0,2
917,Train_917,0,0,0,1,3
918,Train_918,1,0,0,0,0
919,Train_919,1,0,0,0,0
920,Train_920,0,0,1,0,2
921,Train_921,1,0,0,0,0
922,Train_922,0,0,0,1,3
923,Train_923,1,0,0,0,0
924,Train_924,1,0,0,0,0
925,Train_925,0,0,1,0,2
926,Train_926,0,0,0,1,3
927,Train_927,0,0,0,1,3
928,Train_928,0,0,1,0,2
929,Train_929,1,0,0,0,0
930,Train_930,0,0,0,1,3
931,Train_931,0,0,1,0,2
932,Train_932,0,0,0,1,3
933,Train_933,0,0,0,1,3
934,Train_934,1,0,0,0,0
935,Train_935,1,0,0,0,0
936,Train_936,0,1,0,0,1
937,Train_937,1,0,0,0,0
938,Train_938,0,0,1,0,2
939,Train_939,1,0,0,0,0
940,Train_940,0,0,1,0,2
941,Train_941,0,0,0,1,3
942,Train_942,1,0,0,0,0
943,Train_943,0,0,0,1,3
944,Train_944,0,0,1,0,2
945,Train_945,0,0,1,0,2
946,Train_946,0,0,0,1,3
947,Train_947,1,0,0,0,0
948,Train_948,1,0,0,0,0
949,Train_949,0,1,0,0,1
950,Train_950,0,0,1,0,2
951,Train_951,1,0,0,0,0
952,Train_952,1,0,0,0,0
953,Train_953,1,0,0,0,0
954,Train_954,0,0,0,1,3
955,Train_955,0,0,0,1,3
956,Train_956,1,0,0,0,0
957,Train_957,0,0,1,0,2
958,Train_958,1,0,0,0,0
959,Train_959,1,0,0,0,0
960,Train_960,1,0,0,0,0
961,Train_961,1,0,0,0,0
962,Train_962,0,0,1,0,2
963,Train_963,1,0,0,0,0
964,Train_964,0,0,0,1,3
965,Train_965,0,0,1,0,2
966,Train_966,1,0,0,0,0
967,Train_967,0,0,0,1,3
968,Train_968,1,0,0,0,0
969,Train_969,1,0,0,0,0
970,Train_970,0,0,0,1,3
971,Train_971,0,0,1,0,2
972,Train_972,0,0,0,1,3
973,Train_973,0,0,0,1,3
974,Train_974,0,0,0,1,3
975,Train_975,0,0,1,0,2
976,Train_976,0,0,1,0,2
977,Train_977,1,0,0,0,0
978,Train_978,0,0,1,0,2
979,Train_979,1,0,0,0,0
980,Train_980,1,0,0,0,0
981,Train_981,1,0,0,0,0
982,Train_982,0,0,1,0,2
983,Train_983,1,0,0,0,0
984,Train_984,0,0,0,1,3
985,Train_985,0,0,1,0,2
986,Train_986,0,0,0,1,3
987,Train_987,0,0,1,0,2
988,Train_988,0,0,0,1,3
989,Train_989,1,0,0,0,0
990,Train_990,0,0,0,1,3
991,Train_991,0,0,0,1,3
992,Train_992,0,0,0,1,3
993,Train_993,0,0,0,1,3
994,Train_994,0,0,0,1,3
995,Train_995,0,0,1,0,2
996,Train_996,0,0,1,0,2
997,Train_997,0,0,0,1,3
998,Train_998,0,0,0,1,3
999,Train_999,0,0,1,0,2
1000,Train_1000,0,0,1,0,2
1001,Train_1001,1,0,0,0,0
1002,Train_1002,1,0,0,0,0
1003,Train_1003,0,0,0,1,3
1004,Train_1004,1,0,0,0,0
1005,Train_1005,1,0,0,0,0
1006,Train_1006,0,0,0,1,3
1007,Train_1007,1,0,0,0,0
1008,Train_1008,0,0,0,1,3
1009,Train_1009,0,0,0,1,3
1010,Train_1010,0,0,0,1,3
1011,Train_1011,0,0,1,0,2
1012,Train_1012,1,0,0,0,0
1013,Train_1013,0,1,0,0,1
1014,Train_1014,1,0,0,0,0
1015,Train_1015,0,0,0,1,3
1016,Train_1016,0,0,0,1,3
1017,Train_1017,1,0,0,0,0
1018,Train_1018,0,1,0,0,1
1019,Train_1019,0,0,1,0,2
1020,Train_1020,1,0,0,0,0
1021,Train_1021,0,0,1,0,2
1022,Train_1022,0,0,1,0,2
1023,Train_1023,0,0,1,0,2
1024,Train_1024,0,0,0,1,3
1025,Train_1025,0,0,0,1,3
1026,Train_1026,0,0,0,1,3
1027,Train_1027,0,0,0,1,3
1028,Train_1028,0,1,0,0,1
1029,Train_1029,0,0,1,0,2
1030,Train_1030,0,0,1,0,2
1031,Train_1031,1,0,0,0,0
1032,Train_1032,0,0,0,1,3
1033,Train_1033,0,0,0,1,3
1034,Train_1034,1,0,0,0,0
1035,Train_1035,0,1,0,0,1
1036,Train_1036,0,0,0,1,3
1037,Train_1037,0,0,1,0,2
1038,Train_1038,0,0,0,1,3
1039,Train_1039,1,0,0,0,0
1040,Train_1040,0,0,1,0,2
1041,Train_1041,0,0,1,0,2
1042,Train_1042,0,0,0,1,3
1043,Train_1043,1,0,0,0,0
1044,Train_1044,1,0,0,0,0
1045,Train_1045,0,0,0,1,3
1046,Train_1046,0,1,0,0,1
1047,Train_1047,1,0,0,0,0
1048,Train_1048,0,0,1,0,2
1049,Train_1049,0,0,0,1,3
1050,Train_1050,0,1,0,0,1
1051,Train_1051,0,0,1,0,2
1052,Train_1052,0,0,0,1,3
1053,Train_1053,0,0,1,0,2
1054,Train_1054,1,0,0,0,0
1055,Train_1055,1,0,0,0,0
1056,Train_1056,0,0,0,1,3
1057,Train_1057,0,0,1,0,2
1058,Train_1058,1,0,0,0,0
1059,Train_1059,0,0,0,1,3
1060,Train_1060,0,0,1,0,2
1061,Train_1061,0,0,0,1,3
1062,Train_1062,0,0,0,1,3
1063,Train_1063,0,0,1,0,2
1064,Train_1064,0,0,1,0,2
1065,Train_1065,0,0,0,1,3
1066,Train_1066,1,0,0,0,0
1067,Train_1067,1,0,0,0,0
1068,Train_1068,0,0,1,0,2
1069,Train_1069,0,0,1,0,2
1070,Train_1070,0,0,1,0,2
1071,Train_1071,0,0,1,0,2
1072,Train_1072,1,0,0,0,0
1073,Train_1073,0,0,1,0,2
1074,Train_1074,0,0,0,1,3
1075,Train_1075,0,0,0,1,3
1076,Train_1076,0,0,0,1,3
1077,Train_1077,0,0,0,1,3
1078,Train_1078,0,0,1,0,2
1079,Train_1079,1,0,0,0,0
1080,Train_1080,1,0,0,0,0
1081,Train_1081,0,0,1,0,2
1082,Train_1082,1,0,0,0,0
1083,Train_1083,0,0,0,1,3
1084,Train_1084,0,0,1,0,2
1085,Train_1085,1,0,0,0,0
1086,Train_1086,1,0,0,0,0
1087,Train_1087,0,0,1,0,2
1088,Train_1088,0,0,0,1,3
1089,Train_1089,0,0,0,1,3
1090,Train_1090,0,0,0,1,3
1091,Train_1091,1,0,0,0,0
1092,Train_1092,1,0,0,0,0
1093,Train_1093,0,0,1,0,2
1094,Train_1094,0,0,0,1,3
1095,Train_1095,0,0,0,1,3
1096,Train_1096,0,0,1,0,2
1097,Train_1097,1,0,0,0,0
1098,Train_1098,0,0,0,1,3
1099,Train_1099,0,0,0,1,3
1100,Train_1100,0,0,0,1,3
1101,Train_1101,1,0,0,0,0
1102,Train_1102,0,0,1,0,2
1103,Train_1103,1,0,0,0,0
1104,Train_1104,0,0,0,1,3
1105,Train_1105,0,0,1,0,2
1106,Train_1106,0,0,1,0,2
1107,Train_1107,0,0,0,1,3
1108,Train_1108,0,0,1,0,2
1109,Train_1109,0,0,0,1,3
1110,Train_1110,1,0,0,0,0
1111,Train_1111,0,0,1,0,2
1112,Train_1112,0,0,1,0,2
1113,Train_1113,0,0,1,0,2
1114,Train_1114,1,0,0,0,0
1115,Train_1115,1,0,0,0,0
1116,Train_1116,0,0,1,0,2
1117,Train_1117,1,0,0,0,0
1118,Train_1118,0,0,1,0,2
1119,Train_1119,0,1,0,0,1
1120,Train_1120,0,0,0,1,3
1121,Train_1121,0,0,1,0,2
1122,Train_1122,0,0,1,0,2
1123,Train_1123,1,0,0,0,0
1124,Train_1124,0,0,0,1,3
1125,Train_1125,0,0,1,0,2
1126,Train_1126,0,0,1,0,2
1127,Train_1127,0,0,0,1,3
1128,Train_1128,0,0,0,1,3
1129,Train_1129,0,1,0,0,1
1130,Train_1130,0,0,0,1,3
1131,Train_1131,1,0,0,0,0
1132,Train_1132,0,0,0,1,3
1133,Train_1133,1,0,0,0,0
1134,Train_1134,0,1,0,0,1
1135,Train_1135,0,0,0,1,3
1136,Train_1136,0,0,0,1,3
1137,Train_1137,0,0,0,1,3
1138,Train_1138,0,0,1,0,2
1139,Train_1139,1,0,0,0,0
1140,Train_1140,0,0,0,1,3
1141,Train_1141,1,0,0,0,0
1142,Train_1142,0,0,1,0,2
1143,Train_1143,0,0,0,1,3
1144,Train_1144,0,0,1,0,2
1145,Train_1145,0,0,1,0,2
1146,Train_1146,1,0,0,0,0
1147,Train_1147,0,0,1,0,2
1148,Train_1148,0,0,1,0,2
1149,Train_1149,0,0,1,0,2
1150,Train_1150,0,0,1,0,2
1151,Train_1151,1,0,0,0,0
1152,Train_1152,0,0,0,1,3
1153,Train_1153,1,0,0,0,0
1154,Train_1154,0,0,1,0,2
1155,Train_1155,0,0,0,1,3
1156,Train_1156,0,0,0,1,3
1157,Train_1157,0,0,0,1,3
1158,Train_1158,0,0,1,0,2
1159,Train_1159,1,0,0,0,0
1160,Train_1160,1,0,0,0,0
1161,Train_1161,0,1,0,0,1
1162,Train_1162,0,0,0,1,3
1163,Train_1163,0,0,1,0,2
1164,Train_1164,1,0,0,0,0
1165,Train_1165,0,0,1,0,2
1166,Train_1166,0,0,0,1,3
1167,Train_1167,0,0,0,1,3
1168,Train_1168,0,0,0,1,3
1169,Train_1169,0,0,1,0,2
1170,Train_1170,0,0,0,1,3
1171,Train_1171,1,0,0,0,0
1172,Train_1172,0,0,0,1,3
1173,Train_1173,0,1,0,0,1
1174,Train_1174,0,0,0,1,3
1175,Train_1175,0,0,1,0,2
1176,Train_1176,1,0,0,0,0
1177,Train_1177,0,0,1,0,2
1178,Train_1178,0,0,0,1,3
1179,Train_1179,0,0,1,0,2
1180,Train_1180,1,0,0,0,0
1181,Train_1181,0,0,0,1,3
1182,Train_1182,0,0,0,1,3
1183,Train_1183,0,0,0,1,3
1184,Train_1184,0,0,1,0,2
1185,Train_1185,0,0,1,0,2
1186,Train_1186,1,0,0,0,0
1187,Train_1187,0,0,1,0,2
1188,Train_1188,0,0,0,1,3
1189,Train_1189,0,0,1,0,2
1190,Train_1190,0,0,0,1,3
1191,Train_1191,0,0,1,0,2
1192,Train_1192,0,0,0,1,3
1193,Train_1193,1,0,0,0,0
1194,Train_1194,0,0,1,0,2
1195,Train_1195,1,0,0,0,0
1196,Train_1196,0,0,1,0,2
1197,Train_1197,0,1,0,0,1
1198,Train_1198,1,0,0,0,0
1199,Train_1199,1,0,0,0,0
1200,Train_1200,0,0,1,0,2
1201,Train_1201,0,0,0,1,3
1202,Train_1202,0,0,0,1,3
1203,Train_1203,0,0,0,1,3
1204,Train_1204,0,0,1,0,2
1205,Train_1205,0,0,1,0,2
1206,Train_1206,0,0,1,0,2
1207,Train_1207,0,0,1,0,2
1208,Train_1208,0,0,0,1,3
1209,Train_1209,0,0,0,1,3
1210,Train_1210,1,0,0,0,0
1211,Train_1211,0,0,0,1,3
1212,Train_1212,0,0,0,1,3
1213,Train_1213,0,0,1,0,2
1214,Train_1214,1,0,0,0,0
1215,Train_1215,0,0,1,0,2
1216,Train_1216,0,1,0,0,1
1217,Train_1217,0,0,0,1,3
1218,Train_1218,0,0,0,1,3
1219,Train_1219,0,0,1,0,2
1220,Train_1220,0,0,1,0,2
1221,Train_1221,0,0,0,1,3
1222,Train_1222,0,0,1,0,2
1223,Train_1223,1,0,0,0,0
1224,Train_1224,1,0,0,0,0
1225,Train_1225,0,0,1,0,2
1226,Train_1226,0,0,0,1,3
1227,Train_1227,1,0,0,0,0
1228,Train_1228,0,0,0,1,3
1229,Train_1229,0,0,1,0,2
1230,Train_1230,1,0,0,0,0
1231,Train_1231,0,0,1,0,2
1232,Train_1232,0,0,0,1,3
1233,Train_1233,0,0,1,0,2
1234,Train_1234,0,1,0,0,1
1235,Train_1235,0,0,1,0,2
1236,Train_1236,0,1,0,0,1
1237,Train_1237,1,0,0,0,0
1238,Train_1238,0,0,0,1,3
1239,Train_1239,1,0,0,0,0
1240,Train_1240,1,0,0,0,0
1241,Train_1241,0,0,0,1,3
1242,Train_1242,0,0,0,1,3
1243,Train_1243,0,0,0,1,3
1244,Train_1244,0,0,1,0,2
1245,Train_1245,1,0,0,0,0
1246,Train_1246,0,0,0,1,3
1247,Train_1247,1,0,0,0,0
1248,Train_1248,1,0,0,0,0
1249,Train_1249,0,0,0,1,3
1250,Train_1250,0,0,0,1,3
1251,Train_1251,1,0,0,0,0
1252,Train_1252,0,0,0,1,3
1253,Train_1253,0,0,1,0,2
1254,Train_1254,1,0,0,0,0
1255,Train_1255,0,0,1,0,2
1256,Train_1256,0,0,1,0,2
1257,Train_1257,1,0,0,0,0
1258,Train_1258,0,0,0,1,3
1259,Train_1259,0,0,0,1,3
1260,Train_1260,0,0,1,0,2
1261,Train_1261,1,0,0,0,0
1262,Train_1262,0,0,1,0,2
1263,Train_1263,0,0,1,0,2
1264,Train_1264,0,1,0,0,1
1265,Train_1265,1,0,0,0,0
1266,Train_1266,0,0,1,0,2
1267,Train_1267,0,0,1,0,2
1268,Train_1268,0,0,1,0,2
1269,Train_1269,0,0,0,1,3
1270,Train_1270,0,1,0,0,1
1271,Train_1271,1,0,0,0,0
1272,Train_1272,0,0,1,0,2
1273,Train_1273,0,0,0,1,3
1274,Train_1274,0,0,0,1,3
1275,Train_1275,0,0,1,0,2
1276,Train_1276,0,0,0,1,3
1277,Train_1277,1,0,0,0,0
1278,Train_1278,0,0,0,1,3
1279,Train_1279,0,0,0,1,3
1280,Train_1280,0,1,0,0,1
1281,Train_1281,0,0,0,1,3
1282,Train_1282,1,0,0,0,0
1283,Train_1283,0,0,1,0,2
1284,Train_1284,0,0,1,0,2
1285,Train_1285,1,0,0,0,0
1286,Train_1286,1,0,0,0,0
1287,Train_1287,1,0,0,0,0
1288,Train_1288,0,0,0,1,3
1289,Train_1289,1,0,0,0,0
1290,Train_1290,0,0,1,0,2
1291,Train_1291,0,0,1,0,2
1292,Train_1292,0,0,1,0,2
1293,Train_1293,0,0,0,1,3
1294,Train_1294,0,0,0,1,3
1295,Train_1295,0,0,0,1,3
1296,Train_1296,0,0,0,1,3
1297,Train_1297,1,0,0,0,0
1298,Train_1298,0,0,0,1,3
1299,Train_1299,0,0,1,0,2
1300,Train_1300,0,0,1,0,2
1301,Train_1301,0,0,0,1,3
1302,Train_1302,0,0,1,0,2
1303,Train_1303,0,0,0,1,3
1304,Train_1304,1,0,0,0,0
1305,Train_1305,0,0,0,1,3
1306,Train_1306,1,0,0,0,0
1307,Train_1307,0,0,1,0,2
1308,Train_1308,0,0,0,1,3
1309,Train_1309,1,0,0,0,0
1310,Train_1310,0,1,0,0,1
1311,Train_1311,0,0,1,0,2
1312,Train_1312,0,0,0,1,3
1313,Train_1313,1,0,0,0,0
1314,Train_1314,0,0,1,0,2
1315,Train_1315,0,0,0,1,3
1316,Train_1316,0,0,1,0,2
1317,Train_1317,0,0,0,1,3
1318,Train_1318,0,0,1,0,2
1319,Train_1319,0,0,1,0,2
1320,Train_1320,0,0,1,0,2
1321,Train_1321,0,0,1,0,2
1322,Train_1322,0,0,1,0,2
1323,Train_1323,0,0,0,1,3
1324,Train_1324,0,0,1,0,2
1325,Train_1325,1,0,0,0,0
1326,Train_1326,0,0,1,0,2
1327,Train_1327,0,0,1,0,2
1328,Train_1328,1,0,0,0,0
1329,Train_1329,0,0,0,1,3
1330,Train_1330,0,0,1,0,2
1331,Train_1331,0,0,0,1,3
1332,Train_1332,0,0,1,0,2
1333,Train_1333,0,0,0,1,3
1334,Train_1334,0,0,0,1,3
1335,Train_1335,1,0,0,0,0
1336,Train_1336,0,0,0,1,3
1337,Train_1337,0,0,0,1,3
1338,Train_1338,0,0,0,1,3
1339,Train_1339,0,0,0,1,3
1340,Train_1340,0,0,1,0,2
1341,Train_1341,1,0,0,0,0
1342,Train_1342,0,0,1,0,2
1343,Train_1343,0,0,0,1,3
1344,Train_1344,0,0,1,0,2
1345,Train_1345,0,0,0,1,3
1346,Train_1346,0,0,0,1,3
1347,Train_1347,1,0,0,0,0
1348,Train_1348,1,0,0,0,0
1349,Train_1349,1,0,0,0,0
1350,Train_1350,0,0,0,1,3
1351,Train_1351,0,0,1,0,2
1352,Train_1352,0,0,1,0,2
1353,Train_1353,0,0,0,1,3
1354,Train_1354,1,0,0,0,0
1355,Train_1355,1,0,0,0,0
1356,Train_1356,1,0,0,0,0
1357,Train_1357,1,0,0,0,0
1358,Train_1358,0,1,0,0,1
1359,Train_1359,0,0,1,0,2
1360,Train_1360,0,0,0,1,3
1361,Train_1361,0,0,0,1,3
1362,Train_1362,0,0,0,1,3
1363,Train_1363,0,0,0,1,3
1364,Train_1364,0,0,1,0,2
1365,Train_1365,0,0,1,0,2
1366,Train_1366,1,0,0,0,0
1367,Train_1367,0,0,0,1,3
1368,Train_1368,1,0,0,0,0
1369,Train_1369,0,1,0,0,1
1370,Train_1370,0,0,1,0,2
1371,Train_1371,1,0,0,0,0
1372,Train_1372,1,0,0,0,0
1373,Train_1373,0,0,1,0,2
1374,Train_1374,0,0,1,0,2
1375,Train_1375,0,0,0,1,3
1376,Train_1376,0,0,1,0,2
1377,Train_1377,1,0,0,0,0
1378,Train_1378,0,0,1,0,2
1379,Train_1379,0,0,1,0,2
1380,Train_1380,1,0,0,0,0
1381,Train_1381,1,0,0,0,0
1382,Train_1382,0,0,0,1,3
1383,Train_1383,0,0,0,1,3
1384,Train_1384,0,0,0,1,3
1385,Train_1385,0,0,0,1,3
1386,Train_1386,1,0,0,0,0
1387,Train_1387,0,0,1,0,2
1388,Train_1388,1,0,0,0,0
1389,Train_1389,1,0,0,0,0
1390,Train_1390,0,1,0,0,1
1391,Train_1391,1,0,0,0,0
1392,Train_1392,1,0,0,0,0
1393,Train_1393,0,0,0,1,3
1394,Train_1394,0,0,1,0,2
1395,Train_1395,0,0,0,1,3
1396,Train_1396,1,0,0,0,0
1397,Train_1397,1,0,0,0,0
1398,Train_1398,0,0,1,0,2
1399,Train_1399,0,0,1,0,2
1400,Train_1400,0,0,1,0,2
1401,Train_1401,0,0,0,1,3
1402,Train_1402,0,0,1,0,2
1403,Train_1403,0,0,0,1,3
1404,Train_1404,0,0,1,0,2
1405,Train_1405,0,0,0,1,3
1406,Train_1406,0,0,1,0,2
1407,Train_1407,0,0,1,0,2
1408,Train_1408,1,0,0,0,0
1409,Train_1409,0,0,1,0,2
1410,Train_1410,0,0,0,1,3
1411,Train_1411,0,0,0,1,3
1412,Train_1412,0,0,1,0,2
1413,Train_1413,0,0,1,0,2
1414,Train_1414,1,0,0,0,0
1415,Train_1415,1,0,0,0,0
1416,Train_1416,0,0,0,1,3
1417,Train_1417,1,0,0,0,0
1418,Train_1418,0,0,1,0,2
1419,Train_1419,0,0,0,1,3
1420,Train_1420,1,0,0,0,0
1421,Train_1421,0,0,0,1,3
1422,Train_1422,0,0,1,0,2
1423,Train_1423,0,0,1,0,2
1424,Train_1424,1,0,0,0,0
1425,Train_1425,0,0,1,0,2
1426,Train_1426,1,0,0,0,0
1427,Train_1427,0,0,1,0,2
1428,Train_1428,0,0,1,0,2
1429,Train_1429,0,0,0,1,3
1430,Train_1430,0,0,0,1,3
1432,Train_1432,1,0,0,0,0
1433,Train_1433,0,1,0,0,1
1434,Train_1434,0,0,1,0,2
1437,Train_1437,0,0,1,0,2
1438,Train_1438,1,0,0,0,0
1439,Train_1439,0,0,1,0,2
1440,Train_1440,1,0,0,0,0
1441,Train_1441,0,0,1,0,2
1442,Train_1442,1,0,0,0,0
1443,Train_1443,0,0,1,0,2
1446,Train_1446,0,0,1,0,2
1447,Train_1447,1,0,0,0,0
1449,Train_1449,1,0,0,0,0
1451,Train_1451,0,0,1,0,2
1453,Train_1453,0,0,1,0,2
1454,Train_1454,0,1,0,0,1
1455,Train_1455,0,0,1,0,2
1457,Train_1457,1,0,0,0,0
1459,Train_1459,1,0,0,0,0
1463,Train_1463,1,0,0,0,0
1466,Train_1466,1,0,0,0,0
1468,Train_1468,0,1,0,0,1
1474,Train_1474,1,0,0,0,0
1476,Train_1476,1,0,0,0,0
1494,Train_1494,0,1,0,0,1
1514,Train_1514,0,1,0,0,1
